[
  {
    "id": "69012a50-5fbf-4ae4-bc95-e955c819c400",
    "data": [
      {
        "text": "What is ",
        "userDefined": false
      },
      {
        "text": "Atal Pension Yojana",
        "meta": "@APY",
        "alias": "apy",
        "userDefined": false
      }
    ],
    "isTemplate": false,
    "count": 1,
    "lang": "en",
    "updated": 0
  },
  {
    "id": "246ba2a1-79d0-49a0-827a-f710c4246dc1",
    "data": [
      {
        "text": "Tell",
        "userDefined": false
      },
      {
        "text": " me everything about ",
        "userDefined": false
      },
      {
        "text": "Atal Pension Yojana",
        "meta": "@APY",
        "alias": "apy",
        "userDefined": false
      }
    ],
    "isTemplate": false,
    "count": 0,
    "lang": "en",
    "updated": 0
  },
  {
    "id": "7a6b292f-dba1-4509-856b-c96d47f3eaab",
    "data": [
      {
        "text": "Tell",
        "userDefined": false
      },
      {
        "text": " me about the ",
        "userDefined": false
      },
      {
        "text": "Atal Pension Yojana policy",
        "meta": "@APY",
        "alias": "apy",
        "userDefined": false
      }
    ],
    "isTemplate": false,
    "count": 0,
    "lang": "en",
    "updated": 0
  },
  {
    "id": "31f4b9bf-e637-4afe-9080-aa268175a524",
    "data": [
      {
        "text": "Tell",
        "userDefined": false
      },
      {
        "text": " me about the ",
        "userDefined": false
      },
      {
        "text": "Atal Pension Yojana schemes",
        "meta": "@APY",
        "alias": "apy",
        "userDefined": false
      }
    ],
    "isTemplate": false,
    "count": 0,
    "lang": "en",
    "updated": 0
  },
  {
    "id": "b6ab4e58-e4e2-4d9a-8820-47ed5e18d76b",
    "data": [
      {
        "text": "Tell",
        "userDefined": false
      },
      {
        "text": " me about the ",
        "userDefined": false
      },
      {
        "text": "APY scheme",
        "meta": "@APY",
        "alias": "apy",
        "userDefined": false
      }
    ],
    "isTemplate": false,
    "count": 0,
    "lang": "en",
    "updated": 0
  },
  {
    "id": "46467140-ef05-4041-bfa1-b43273da2cac",
    "data": [
      {
        "text": "Tell",
        "userDefined": false
      },
      {
        "text": " me about ",
        "userDefined": false
      },
      {
        "text": "Atal Pension Yojana",
        "meta": "@APY",
        "alias": "apy",
        "userDefined": false
      }
    ],
    "isTemplate": false,
    "count": 0,
    "lang": "en",
    "updated": 0
  },
  {
    "id": "31d5bf5f-1ae2-4701-811b-5cc60e438b85",
    "data": [
      {
        "text": "Tell",
        "userDefined": false
      },
      {
        "text": " me the details of the ",
        "userDefined": false
      },
      {
        "text": "Atal Pension Yojana",
        "meta": "@APY",
        "alias": "apy",
        "userDefined": false
      }
    ],
    "isTemplate": false,
    "count": 0,
    "lang": "en",
    "updated": 0
  }
]