[
  {
    "id": "0998908c-e6c5-4c89-9fe1-9ab09449f6e5",
    "data": [
      {
        "text": "Tell",
        "userDefined": false
      },
      {
        "text": " me the details of the ",
        "userDefined": false
      },
      {
        "text": "Beti Bachao, Beti Padhao Yojana",
        "meta": "@BBBPY",
        "alias": "bbbpy",
        "userDefined": false
      }
    ],
    "isTemplate": false,
    "count": 0,
    "lang": "en",
    "updated": 0
  },
  {
    "id": "bdf4eae0-abee-47e1-90c7-d4fd0fa47309",
    "data": [
      {
        "text": "Tell",
        "userDefined": false
      },
      {
        "text": " me about ",
        "userDefined": false
      },
      {
        "text": "Beti Bachao, Beti Padhao Yojana",
        "meta": "@BBBPY",
        "alias": "bbbpy",
        "userDefined": false
      }
    ],
    "isTemplate": false,
    "count": 0,
    "lang": "en",
    "updated": 0
  },
  {
    "id": "dac16d0d-75cb-4c4c-ae99-38634864d1b1",
    "data": [
      {
        "text": "What do you know about the ",
        "userDefined": false
      },
      {
        "text": "BBBPY",
        "meta": "@BBBPY",
        "alias": "bbbpy",
        "userDefined": false
      },
      {
        "text": " scheme",
        "userDefined": false
      }
    ],
    "isTemplate": false,
    "count": 0,
    "lang": "en",
    "updated": 0
  },
  {
    "id": "a9b1fb11-9081-47da-b9d5-bc902c4d7a34",
    "data": [
      {
        "text": "Tell",
        "userDefined": false
      },
      {
        "text": " me about the ",
        "userDefined": false
      },
      {
        "text": "BBBPY",
        "meta": "@BBBPY",
        "alias": "bbbpy",
        "userDefined": false
      },
      {
        "text": " policy",
        "userDefined": false
      }
    ],
    "isTemplate": false,
    "count": 0,
    "lang": "en",
    "updated": 0
  },
  {
    "id": "f6a395cb-7f39-4633-86d6-721c9107ee67",
    "data": [
      {
        "text": "Tell",
        "userDefined": false
      },
      {
        "text": " me about the ",
        "userDefined": false
      },
      {
        "text": "Beti Bachao, Beti Padhao Yojana",
        "meta": "@BBBPY",
        "alias": "bbbpy",
        "userDefined": false
      }
    ],
    "isTemplate": false,
    "count": 0,
    "lang": "en",
    "updated": 0
  },
  {
    "id": "29496c52-e295-4170-85ac-21d1cb35f42c",
    "data": [
      {
        "text": "Tell",
        "userDefined": false
      },
      {
        "text": " me everything about ",
        "userDefined": false
      },
      {
        "text": "Beti Bachao, Beti Padhao Yojana",
        "meta": "@BBBPY",
        "alias": "bbbpy",
        "userDefined": false
      }
    ],
    "isTemplate": false,
    "count": 0,
    "lang": "en",
    "updated": 0
  },
  {
    "id": "233c5ef3-5e5f-4f98-8346-2e709cf22971",
    "data": [
      {
        "text": "What is ",
        "userDefined": false
      },
      {
        "text": "BBBPY",
        "meta": "@BBBPY",
        "alias": "bbbpy",
        "userDefined": false
      }
    ],
    "isTemplate": false,
    "count": 0,
    "lang": "en",
    "updated": 0
  },
  {
    "id": "e06da708-5c69-479f-b2bf-6179b3173561",
    "data": [
      {
        "text": "What\u0027s ",
        "userDefined": false
      },
      {
        "text": "Beti Bachao, Beti Padhao Yojana",
        "meta": "@BBBPY",
        "alias": "bbbpy",
        "userDefined": false
      }
    ],
    "isTemplate": false,
    "count": 0,
    "lang": "en",
    "updated": 0
  }
]