[
  {
    "id": "e9061a38-1e2b-4a9e-ae25-51e15dbd07dd",
    "data": [
      {
        "text": "Tell",
        "userDefined": false
      },
      {
        "text": " me the details of the ",
        "userDefined": false
      },
      {
        "text": "PM Innovative Learning Programme",
        "meta": "@DHRUV",
        "alias": "dhruv",
        "userDefined": false
      }
    ],
    "isTemplate": false,
    "count": 0,
    "lang": "en",
    "updated": 0
  },
  {
    "id": "cd4fa1e6-44f7-422e-b284-cf20767065c2",
    "data": [
      {
        "text": "Tell",
        "userDefined": false
      },
      {
        "text": " me about ",
        "userDefined": false
      },
      {
        "text": "PM Innovative Learning Programme",
        "meta": "@DHRUV",
        "alias": "dhruv",
        "userDefined": false
      }
    ],
    "isTemplate": false,
    "count": 0,
    "lang": "en",
    "updated": 0
  },
  {
    "id": "b84e3a49-d03a-4a03-a66b-af97704ce9bc",
    "data": [
      {
        "text": "What do you know about the ",
        "userDefined": false
      },
      {
        "text": "PMILP",
        "meta": "@DHRUV",
        "alias": "dhruv",
        "userDefined": false
      },
      {
        "text": " scheme",
        "userDefined": false
      }
    ],
    "isTemplate": false,
    "count": 0,
    "lang": "en",
    "updated": 0
  },
  {
    "id": "feadb845-a555-42ba-b043-92ad7926d702",
    "data": [
      {
        "text": "Tell",
        "userDefined": false
      },
      {
        "text": " me about the ",
        "userDefined": false
      },
      {
        "text": "DHRUV",
        "meta": "@DHRUV",
        "alias": "dhruv",
        "userDefined": false
      },
      {
        "text": " policy",
        "userDefined": false
      }
    ],
    "isTemplate": false,
    "count": 0,
    "lang": "en",
    "updated": 0
  },
  {
    "id": "288ee7ad-3634-4f9f-9bd9-a82f6a168d45",
    "data": [
      {
        "text": "Tell",
        "userDefined": false
      },
      {
        "text": " me about the ",
        "userDefined": false
      },
      {
        "text": "PM Innovative Learning Programme",
        "meta": "@DHRUV",
        "alias": "dhruv",
        "userDefined": false
      }
    ],
    "isTemplate": false,
    "count": 0,
    "lang": "en",
    "updated": 0
  },
  {
    "id": "d5b8863b-dea6-4520-b381-51f147e84850",
    "data": [
      {
        "text": "Tell",
        "userDefined": false
      },
      {
        "text": " me everything about ",
        "userDefined": false
      },
      {
        "text": "PM Innovative Learning Programme",
        "meta": "@DHRUV",
        "alias": "dhruv",
        "userDefined": false
      }
    ],
    "isTemplate": false,
    "count": 0,
    "lang": "en",
    "updated": 0
  },
  {
    "id": "1983b730-5e0b-4888-827f-61a926336e0b",
    "data": [
      {
        "text": "What is ",
        "userDefined": false
      },
      {
        "text": "PMILP",
        "meta": "@DHRUV",
        "alias": "dhruv",
        "userDefined": false
      }
    ],
    "isTemplate": false,
    "count": 0,
    "lang": "en",
    "updated": 0
  },
  {
    "id": "1f0fcbca-8f82-4232-90b6-f2e5b2c73086",
    "data": [
      {
        "text": "What\u0027s ",
        "userDefined": false
      },
      {
        "text": "PM Innovative Learning Programme",
        "meta": "@DHRUV",
        "alias": "dhruv",
        "userDefined": false
      }
    ],
    "isTemplate": false,
    "count": 0,
    "lang": "en",
    "updated": 0
  }
]