[
  {
    "id": "af81b020-1405-4b48-97e0-58343ce6d7d5",
    "data": [
      {
        "text": "Tell",
        "userDefined": false
      },
      {
        "text": " me the details of the ",
        "userDefined": false
      },
      {
        "text": "Indira Gandhi National Old Age Pension Scheme",
        "meta": "@IGNOAPS",
        "alias": "ignoaps",
        "userDefined": false
      }
    ],
    "isTemplate": false,
    "count": 0,
    "lang": "en",
    "updated": 0
  },
  {
    "id": "4e52c010-0450-4077-a50a-4beed32a7466",
    "data": [
      {
        "text": "Tell",
        "userDefined": false
      },
      {
        "text": " me about ",
        "userDefined": false
      },
      {
        "text": "Indira Gandhi National Old Age Pension Scheme",
        "meta": "@IGNOAPS",
        "alias": "ignoaps",
        "userDefined": false
      }
    ],
    "isTemplate": false,
    "count": 0,
    "lang": "en",
    "updated": 0
  },
  {
    "id": "691ff234-58a2-446e-bb77-a0a7b6c3a696",
    "data": [
      {
        "text": "What do you know about the ",
        "userDefined": false
      },
      {
        "text": "IGNOAPS scheme",
        "meta": "@IGNOAPS",
        "alias": "ignoaps",
        "userDefined": false
      }
    ],
    "isTemplate": false,
    "count": 0,
    "lang": "en",
    "updated": 0
  },
  {
    "id": "9d787260-e1d7-4234-a876-23192aac4b14",
    "data": [
      {
        "text": "Tell",
        "userDefined": false
      },
      {
        "text": " me about the ",
        "userDefined": false
      },
      {
        "text": "IGNOAPS",
        "meta": "@IGNOAPS",
        "alias": "ignoaps",
        "userDefined": false
      },
      {
        "text": " policy",
        "userDefined": false
      }
    ],
    "isTemplate": false,
    "count": 0,
    "lang": "en",
    "updated": 0
  },
  {
    "id": "8b58a5db-a149-4c8e-96ee-69d7395cb5ab",
    "data": [
      {
        "text": "Tell",
        "userDefined": false
      },
      {
        "text": " me about the ",
        "userDefined": false
      },
      {
        "text": "Indira Gandhi National Old Age Pension Scheme",
        "meta": "@IGNOAPS",
        "alias": "ignoaps",
        "userDefined": false
      }
    ],
    "isTemplate": false,
    "count": 0,
    "lang": "en",
    "updated": 0
  },
  {
    "id": "e3c2f141-c722-46a8-a5c5-ba7b2a07682b",
    "data": [
      {
        "text": "Tell",
        "userDefined": false
      },
      {
        "text": " me everything about ",
        "userDefined": false
      },
      {
        "text": "Indira Gandhi National Old Age Pension Scheme",
        "meta": "@IGNOAPS",
        "alias": "ignoaps",
        "userDefined": false
      }
    ],
    "isTemplate": false,
    "count": 0,
    "lang": "en",
    "updated": 0
  },
  {
    "id": "2d608a27-d497-4dbe-940d-e1431649b727",
    "data": [
      {
        "text": "What is ",
        "userDefined": false
      },
      {
        "text": "IGNOAPS",
        "meta": "@IGNOAPS",
        "alias": "ignoaps",
        "userDefined": false
      }
    ],
    "isTemplate": false,
    "count": 0,
    "lang": "en",
    "updated": 0
  },
  {
    "id": "c761ec8c-34e2-4e0a-a39a-6500ff4bc7c1",
    "data": [
      {
        "text": "What\u0027s ",
        "userDefined": false
      },
      {
        "text": "Indira Gandhi National Old Age Pension Scheme",
        "meta": "@IGNOAPS",
        "alias": "ignoaps",
        "userDefined": false
      }
    ],
    "isTemplate": false,
    "count": 0,
    "lang": "en",
    "updated": 0
  }
]