[
  {
    "id": "58982c00-1b92-4f4c-8568-479201d8a93e",
    "data": [
      {
        "text": "Tell",
        "userDefined": false
      },
      {
        "text": " me the details of the ",
        "userDefined": false
      },
      {
        "text": "Kapila Kalam Program",
        "meta": "@KKP",
        "alias": "kkp",
        "userDefined": false
      }
    ],
    "isTemplate": false,
    "count": 0,
    "lang": "en",
    "updated": 0
  },
  {
    "id": "243e13ae-b653-4e50-9f07-b8da8f3b41f6",
    "data": [
      {
        "text": "Tell",
        "userDefined": false
      },
      {
        "text": " me about ",
        "userDefined": false
      },
      {
        "text": "Kapila Kalam Program",
        "meta": "@KKP",
        "alias": "kkp",
        "userDefined": false
      }
    ],
    "isTemplate": false,
    "count": 0,
    "lang": "en",
    "updated": 0
  },
  {
    "id": "18dbbc70-437e-47f1-8e1f-f21a877ad370",
    "data": [
      {
        "text": "What do you know about the ",
        "userDefined": false
      },
      {
        "text": "KKP",
        "meta": "@KKP",
        "alias": "kkp",
        "userDefined": false
      },
      {
        "text": " scheme",
        "userDefined": false
      }
    ],
    "isTemplate": false,
    "count": 0,
    "lang": "en",
    "updated": 0
  },
  {
    "id": "d6809aff-f04e-46bf-9a5c-2a3e626a206f",
    "data": [
      {
        "text": "Tell",
        "userDefined": false
      },
      {
        "text": " me about the ",
        "userDefined": false
      },
      {
        "text": "KKP",
        "meta": "@KKP",
        "alias": "kkp",
        "userDefined": false
      },
      {
        "text": " policy",
        "userDefined": false
      }
    ],
    "isTemplate": false,
    "count": 0,
    "lang": "en",
    "updated": 0
  },
  {
    "id": "336c7bf3-2d62-4c1e-b2d5-9513f270a014",
    "data": [
      {
        "text": "Tell",
        "userDefined": false
      },
      {
        "text": " me everything about ",
        "userDefined": false
      },
      {
        "text": "Kapila Kalam Program",
        "meta": "@KKP",
        "alias": "kkp",
        "userDefined": false
      }
    ],
    "isTemplate": false,
    "count": 0,
    "lang": "en",
    "updated": 0
  },
  {
    "id": "1ef0ef72-c021-40db-9d62-1a0307dfb6d6",
    "data": [
      {
        "text": "Tell",
        "userDefined": false
      },
      {
        "text": " me about the ",
        "userDefined": false
      },
      {
        "text": "Kapila Kalam Program",
        "meta": "@KKP",
        "alias": "kkp",
        "userDefined": false
      }
    ],
    "isTemplate": false,
    "count": 0,
    "lang": "en",
    "updated": 0
  },
  {
    "id": "4f021fe9-3885-4cce-99c1-19ad5933bca7",
    "data": [
      {
        "text": "is ",
        "userDefined": false
      },
      {
        "text": "KKP",
        "meta": "@KKP",
        "alias": "kkp",
        "userDefined": false
      }
    ],
    "isTemplate": false,
    "count": 0,
    "lang": "en",
    "updated": 0
  },
  {
    "id": "ee4da3f0-f076-442d-a550-f12bf5897aa6",
    "data": [
      {
        "text": "What\u0027s ",
        "userDefined": false
      },
      {
        "text": "Kapila Kalam Program",
        "meta": "@KKP",
        "alias": "kkp",
        "userDefined": false
      }
    ],
    "isTemplate": false,
    "count": 0,
    "lang": "en",
    "updated": 0
  }
]