[
  {
    "id": "80199be3-ccb1-4fa0-92ca-25d1d94527c9",
    "data": [
      {
        "text": "What are the ",
        "userDefined": false
      },
      {
        "text": "benefits",
        "meta": "@Benefits",
        "alias": "benefits",
        "userDefined": false
      },
      {
        "text": " of opening an account under MI",
        "userDefined": false
      }
    ],
    "isTemplate": false,
    "count": 0,
    "lang": "en",
    "updated": 0
  },
  {
    "id": "c46b23a3-8a35-4353-87f2-c99d8afa02a2",
    "data": [
      {
        "text": "What are the  ",
        "userDefined": false
      },
      {
        "text": "benefits",
        "meta": "@Benefits",
        "alias": "benefits",
        "userDefined": false
      },
      {
        "text": " offered as part of ",
        "userDefined": false
      },
      {
        "text": "Make in India",
        "meta": "@MII",
        "alias": "mii",
        "userDefined": false
      }
    ],
    "isTemplate": false,
    "count": 0,
    "lang": "en",
    "updated": 0
  },
  {
    "id": "6da4f3eb-518b-4518-8dae-2ee4d66cabda",
    "data": [
      {
        "text": "What is the ",
        "userDefined": false
      },
      {
        "text": "use",
        "meta": "@Benefits",
        "alias": "benefits",
        "userDefined": false
      },
      {
        "text": " of opening a ",
        "userDefined": false
      },
      {
        "text": "MII",
        "meta": "@MII",
        "alias": "mii",
        "userDefined": false
      },
      {
        "text": " account",
        "userDefined": false
      }
    ],
    "isTemplate": false,
    "count": 0,
    "lang": "en",
    "updated": 0
  },
  {
    "id": "384b2483-2b22-4fd5-902a-1c370e7fa298",
    "data": [
      {
        "text": "Why should I open a ",
        "userDefined": false
      },
      {
        "text": "MII",
        "meta": "@MII",
        "alias": "mii",
        "userDefined": false
      },
      {
        "text": " account",
        "userDefined": false
      }
    ],
    "isTemplate": false,
    "count": 0,
    "lang": "en",
    "updated": 0
  },
  {
    "id": "9b763324-3e1f-442f-9ab1-9793759a64a0",
    "data": [
      {
        "text": "Tell",
        "userDefined": false
      },
      {
        "text": "  me about the ",
        "userDefined": false
      },
      {
        "text": "use",
        "meta": "@Benefits",
        "alias": "benefits",
        "userDefined": false
      },
      {
        "text": " of ",
        "userDefined": false
      },
      {
        "text": "Make in India",
        "meta": "@MII",
        "alias": "mii",
        "userDefined": false
      }
    ],
    "isTemplate": false,
    "count": 0,
    "lang": "en",
    "updated": 0
  },
  {
    "id": "8bf88b52-5afc-46c1-add3-720532fa8ec3",
    "data": [
      {
        "text": "What are the ",
        "userDefined": false
      },
      {
        "text": "rewards",
        "meta": "@Benefits",
        "alias": "benefits",
        "userDefined": false
      },
      {
        "text": " offered as part of ",
        "userDefined": false
      },
      {
        "text": "Make in India",
        "meta": "@MII",
        "alias": "mii",
        "userDefined": false
      }
    ],
    "isTemplate": false,
    "count": 0,
    "lang": "en",
    "updated": 0
  },
  {
    "id": "72706f50-054c-4f65-95ee-42543958bf05",
    "data": [
      {
        "text": "Make in India",
        "meta": "@MII",
        "alias": "mii",
        "userDefined": false
      },
      {
        "text": " ",
        "userDefined": false
      },
      {
        "text": "benefits",
        "meta": "@Benefits",
        "alias": "benefits",
        "userDefined": false
      }
    ],
    "isTemplate": false,
    "count": 0,
    "lang": "en",
    "updated": 0
  },
  {
    "id": "d4fa44b0-60cc-489b-bdf4-eaa4956df560",
    "data": [
      {
        "text": "What are the ",
        "userDefined": false
      },
      {
        "text": "services",
        "meta": "@Benefits",
        "alias": "benefits",
        "userDefined": false
      },
      {
        "text": " offered under ",
        "userDefined": false
      },
      {
        "text": "MII",
        "meta": "@MII",
        "alias": "mii",
        "userDefined": false
      }
    ],
    "isTemplate": false,
    "count": 0,
    "lang": "en",
    "updated": 0
  }
]