[
  {
    "id": "c693dd4c-a484-43cb-b5b3-6bf3938ae1e2",
    "data": [
      {
        "text": "Tell",
        "userDefined": false
      },
      {
        "text": " me the details of the ",
        "userDefined": false
      },
      {
        "text": "Mission Karmayogi",
        "meta": "@MK",
        "alias": "mk",
        "userDefined": false
      }
    ],
    "isTemplate": false,
    "count": 0,
    "lang": "en",
    "updated": 0
  },
  {
    "id": "8cf72d8e-a0b1-45f6-9ab2-7928a52a953c",
    "data": [
      {
        "text": "Tell",
        "userDefined": false
      },
      {
        "text": " me about ",
        "userDefined": false
      },
      {
        "text": "Mission Karmayogi",
        "meta": "@MK",
        "alias": "mk",
        "userDefined": false
      }
    ],
    "isTemplate": false,
    "count": 0,
    "lang": "en",
    "updated": 0
  },
  {
    "id": "e095a948-272b-420d-8da3-5d89550f7146",
    "data": [
      {
        "text": "Tell",
        "userDefined": false
      },
      {
        "text": " me about the ",
        "userDefined": false
      },
      {
        "text": "MK",
        "meta": "@MK",
        "alias": "mk",
        "userDefined": false
      },
      {
        "text": " policy",
        "userDefined": false
      }
    ],
    "isTemplate": false,
    "count": 0,
    "lang": "en",
    "updated": 0
  },
  {
    "id": "f5226d89-9e06-47e6-b6b9-7a2621e06c11",
    "data": [
      {
        "text": "What do you know about the ",
        "userDefined": false
      },
      {
        "text": "MK",
        "meta": "@MK",
        "alias": "mk",
        "userDefined": false
      },
      {
        "text": " scheme",
        "userDefined": false
      }
    ],
    "isTemplate": false,
    "count": 0,
    "lang": "en",
    "updated": 0
  },
  {
    "id": "009b7bb0-5e48-4a02-aad3-3ffd0ecb6254",
    "data": [
      {
        "text": "Tell",
        "userDefined": false
      },
      {
        "text": " me about the ",
        "userDefined": false
      },
      {
        "text": "Mission Karmayogi",
        "meta": "@MK",
        "alias": "mk",
        "userDefined": false
      }
    ],
    "isTemplate": false,
    "count": 0,
    "lang": "en",
    "updated": 0
  },
  {
    "id": "6d1f478d-f6b1-4ffa-b2f4-5719f4cd99e7",
    "data": [
      {
        "text": "Tell",
        "userDefined": false
      },
      {
        "text": " me everything about ",
        "userDefined": false
      },
      {
        "text": "Mission Karmayogi",
        "meta": "@MK",
        "alias": "mk",
        "userDefined": false
      }
    ],
    "isTemplate": false,
    "count": 0,
    "lang": "en",
    "updated": 0
  },
  {
    "id": "6da6242c-44a4-4fa1-8cfd-44be96b0ba68",
    "data": [
      {
        "text": "What is ",
        "userDefined": false
      },
      {
        "text": "MK",
        "meta": "@MK",
        "alias": "mk",
        "userDefined": false
      }
    ],
    "isTemplate": false,
    "count": 0,
    "lang": "en",
    "updated": 0
  },
  {
    "id": "e6b88932-f45b-4d58-810e-fb930df4d766",
    "data": [
      {
        "text": "What\u0027s ",
        "userDefined": false
      },
      {
        "text": "Mission Karmayogi",
        "meta": "@MK",
        "alias": "mk",
        "userDefined": false
      }
    ],
    "isTemplate": false,
    "count": 0,
    "lang": "en",
    "updated": 0
  }
]