[
  {
    "id": "3efa1b48-1da7-4ece-a0ee-f4505d7bb929",
    "data": [
      {
        "text": "What do you know about the ",
        "userDefined": false
      },
      {
        "text": "NSTSS scheme",
        "meta": "@NSTSS",
        "alias": "nstss",
        "userDefined": false
      }
    ],
    "isTemplate": false,
    "count": 0,
    "lang": "en",
    "updated": 0
  },
  {
    "id": "3fd891e7-ba14-4a7d-8eac-2729b86af47c",
    "data": [
      {
        "text": "Tell",
        "userDefined": false
      },
      {
        "text": " me the details of the ",
        "userDefined": false
      },
      {
        "text": "National Sports Talent Search Scheme",
        "meta": "@NSTSS",
        "alias": "nstss",
        "userDefined": false
      }
    ],
    "isTemplate": false,
    "count": 0,
    "lang": "en",
    "updated": 0
  },
  {
    "id": "a57a6548-4e3c-4ad4-b8e1-08db8e1126fc",
    "data": [
      {
        "text": "Tell",
        "userDefined": false
      },
      {
        "text": " me about ",
        "userDefined": false
      },
      {
        "text": "National Sports Talent Search Scheme",
        "meta": "@NSTSS",
        "alias": "nstss",
        "userDefined": false
      }
    ],
    "isTemplate": false,
    "count": 0,
    "lang": "en",
    "updated": 0
  },
  {
    "id": "e522cd41-29ab-48ee-a6cc-f7962627f4a4",
    "data": [
      {
        "text": "Tell",
        "userDefined": false
      },
      {
        "text": " me about the ",
        "userDefined": false
      },
      {
        "text": "NSTSS",
        "meta": "@NSTSS",
        "alias": "nstss",
        "userDefined": false
      },
      {
        "text": " policy",
        "userDefined": false
      }
    ],
    "isTemplate": false,
    "count": 0,
    "lang": "en",
    "updated": 0
  },
  {
    "id": "f66ede82-c218-4a0c-9f0d-2b1168d0d48b",
    "data": [
      {
        "text": "Tell",
        "userDefined": false
      },
      {
        "text": " me about the ",
        "userDefined": false
      },
      {
        "text": "National Sports Talent Search Scheme",
        "meta": "@NSTSS",
        "alias": "nstss",
        "userDefined": false
      }
    ],
    "isTemplate": false,
    "count": 0,
    "lang": "en",
    "updated": 0
  },
  {
    "id": "a8aaea84-9736-4cdc-a6d8-43afb97ab1a8",
    "data": [
      {
        "text": "Tell",
        "userDefined": false
      },
      {
        "text": " me everything about ",
        "userDefined": false
      },
      {
        "text": "National Sports Talent Search Scheme",
        "meta": "@NSTSS",
        "alias": "nstss",
        "userDefined": false
      }
    ],
    "isTemplate": false,
    "count": 0,
    "lang": "en",
    "updated": 0
  },
  {
    "id": "6f8ba56d-0818-4f85-aaf5-aebc14da954b",
    "data": [
      {
        "text": "What is ",
        "userDefined": false
      },
      {
        "text": "NSTSS",
        "meta": "@NSTSS",
        "alias": "nstss",
        "userDefined": false
      }
    ],
    "isTemplate": false,
    "count": 0,
    "lang": "en",
    "updated": 0
  },
  {
    "id": "bd0bdc84-8cfc-451b-b3de-5a1d37743c68",
    "data": [
      {
        "text": "What\u0027s ",
        "userDefined": false
      },
      {
        "text": "National Sports Talent Search Scheme",
        "meta": "@NSTSS",
        "alias": "nstss",
        "userDefined": false
      }
    ],
    "isTemplate": false,
    "count": 0,
    "lang": "en",
    "updated": 0
  }
]