[
  {
    "id": "077a81ac-ce11-4c2c-888a-cd46a8873126",
    "data": [
      {
        "text": "Tell",
        "userDefined": false
      },
      {
        "text": " me the details of the ",
        "userDefined": false
      },
      {
        "text": "Production Linked Incentive scheme",
        "meta": "@PLI",
        "alias": "pli",
        "userDefined": false
      }
    ],
    "isTemplate": false,
    "count": 0,
    "lang": "en",
    "updated": 0
  },
  {
    "id": "6cd81577-d522-474f-9d81-fddf43c7024c",
    "data": [
      {
        "text": "Tell",
        "userDefined": false
      },
      {
        "text": " me about ",
        "userDefined": false
      },
      {
        "text": "Production Linked Incentive scheme",
        "meta": "@PLI",
        "alias": "pli",
        "userDefined": false
      }
    ],
    "isTemplate": false,
    "count": 0,
    "lang": "en",
    "updated": 0
  },
  {
    "id": "74769187-5466-4ba6-9e5d-30c55712e03d",
    "data": [
      {
        "text": "What do you know about the ",
        "userDefined": false
      },
      {
        "text": "PLI scheme",
        "meta": "@PLI",
        "alias": "pli",
        "userDefined": false
      }
    ],
    "isTemplate": false,
    "count": 0,
    "lang": "en",
    "updated": 0
  },
  {
    "id": "bea46d7d-b12e-4748-80a7-2f5ae9c86703",
    "data": [
      {
        "text": "Tell",
        "userDefined": false
      },
      {
        "text": " me about the ",
        "userDefined": false
      },
      {
        "text": "PLI",
        "meta": "@PLI",
        "alias": "pli",
        "userDefined": false
      },
      {
        "text": " policy",
        "userDefined": false
      }
    ],
    "isTemplate": false,
    "count": 0,
    "lang": "en",
    "updated": 0
  },
  {
    "id": "4ca3b59f-3cd8-48e6-b5a9-746c51cbb0f8",
    "data": [
      {
        "text": "Tell",
        "userDefined": false
      },
      {
        "text": " me about the ",
        "userDefined": false
      },
      {
        "text": "Production Linked Incentive scheme",
        "meta": "@PLI",
        "alias": "pli",
        "userDefined": false
      }
    ],
    "isTemplate": false,
    "count": 0,
    "lang": "en",
    "updated": 0
  },
  {
    "id": "8d5a64fd-3125-42cf-ba57-ecf90a9c7ef1",
    "data": [
      {
        "text": "Tell",
        "userDefined": false
      },
      {
        "text": " me everything about ",
        "userDefined": false
      },
      {
        "text": "Production Linked Incentive scheme",
        "meta": "@PLI",
        "alias": "pli",
        "userDefined": false
      }
    ],
    "isTemplate": false,
    "count": 0,
    "lang": "en",
    "updated": 0
  },
  {
    "id": "2eb3db65-1885-48fd-aea2-c6377b509d2c",
    "data": [
      {
        "text": "What is ",
        "userDefined": false
      },
      {
        "text": "PLI",
        "meta": "@PLI",
        "alias": "pli",
        "userDefined": false
      }
    ],
    "isTemplate": false,
    "count": 0,
    "lang": "en",
    "updated": 0
  },
  {
    "id": "ec087047-6f2b-454a-b2b9-1b58b062909a",
    "data": [
      {
        "text": "What\u0027s ",
        "userDefined": false
      },
      {
        "text": "Production Linked Incentive scheme",
        "meta": "@PLI",
        "alias": "pli",
        "userDefined": false
      }
    ],
    "isTemplate": false,
    "count": 0,
    "lang": "en",
    "updated": 0
  }
]