[
  {
    "id": "ed1f4ace-7e36-4e43-afed-762e5ce3849c",
    "data": [
      {
        "text": "What are the ",
        "userDefined": false
      },
      {
        "text": "services",
        "meta": "@Benefits",
        "alias": "benefits",
        "userDefined": false
      },
      {
        "text": " offered under ",
        "userDefined": false
      },
      {
        "text": "PMFME",
        "meta": "@PMFME",
        "alias": "pmfme",
        "userDefined": false
      }
    ],
    "isTemplate": false,
    "count": 0,
    "lang": "en",
    "updated": 0
  },
  {
    "id": "cdc0e968-41c4-4b3a-a579-2c04f736ae53",
    "data": [
      {
        "text": "Pradhan Mantri Formalization of Micro Food Processing Enterprises Scheme",
        "meta": "@PMFME",
        "alias": "pmfme",
        "userDefined": false
      },
      {
        "text": " ",
        "userDefined": false
      },
      {
        "text": "benefits",
        "meta": "@Benefits",
        "alias": "benefits",
        "userDefined": false
      }
    ],
    "isTemplate": false,
    "count": 0,
    "lang": "en",
    "updated": 0
  },
  {
    "id": "d0bfbc03-54ed-40d1-a0c6-39040a8854d6",
    "data": [
      {
        "text": "What are the ",
        "userDefined": false
      },
      {
        "text": "rewards",
        "meta": "@Benefits",
        "alias": "benefits",
        "userDefined": false
      },
      {
        "text": " offered as part ",
        "userDefined": false
      },
      {
        "text": "of Pradhan Mantri Formalization of Micro Food Processing Enterprises Scheme",
        "meta": "@PMFME",
        "alias": "pmfme",
        "userDefined": false
      }
    ],
    "isTemplate": false,
    "count": 0,
    "lang": "en",
    "updated": 0
  },
  {
    "id": "f3dc6a53-c189-4735-89c1-922f232b096d",
    "data": [
      {
        "text": "Tell",
        "userDefined": false
      },
      {
        "text": " me about the ",
        "userDefined": false
      },
      {
        "text": "use",
        "meta": "@Benefits",
        "alias": "benefits",
        "userDefined": false
      },
      {
        "text": " ",
        "userDefined": false
      },
      {
        "text": "of Pradhan Mantri Formalization of Micro Food Processing Enterprises Scheme",
        "meta": "@PMFME",
        "alias": "pmfme",
        "userDefined": false
      }
    ],
    "isTemplate": false,
    "count": 0,
    "lang": "en",
    "updated": 0
  },
  {
    "id": "b31b710b-7cf2-40e5-8bfb-9b2a149306f1",
    "data": [
      {
        "text": "Why should I participate in ",
        "userDefined": false
      },
      {
        "text": "PMFME",
        "meta": "@PMFME",
        "alias": "pmfme",
        "userDefined": false
      }
    ],
    "isTemplate": false,
    "count": 0,
    "lang": "en",
    "updated": 0
  },
  {
    "id": "5aabb26b-01c6-41b0-b51a-13d340ecb7fe",
    "data": [
      {
        "text": "What is the ",
        "userDefined": false
      },
      {
        "text": "use",
        "meta": "@Benefits",
        "alias": "benefits",
        "userDefined": false
      },
      {
        "text": " of opening a ",
        "userDefined": false
      },
      {
        "text": "PMFME",
        "meta": "@PMFME",
        "alias": "pmfme",
        "userDefined": false
      },
      {
        "text": " account",
        "userDefined": false
      }
    ],
    "isTemplate": false,
    "count": 0,
    "lang": "en",
    "updated": 0
  },
  {
    "id": "74db40ca-cc3d-4a23-8b5d-d1d62ab7e074",
    "data": [
      {
        "text": "What are the ",
        "userDefined": false
      },
      {
        "text": "benefits",
        "meta": "@Benefits",
        "alias": "benefits",
        "userDefined": false
      },
      {
        "text": " offered as part ",
        "userDefined": false
      },
      {
        "text": "of Pradhan Mantri Formalization of Micro Food Processing Enterprises Scheme",
        "meta": "@PMFME",
        "alias": "pmfme",
        "userDefined": false
      }
    ],
    "isTemplate": false,
    "count": 0,
    "lang": "en",
    "updated": 0
  },
  {
    "id": "b51b6e4d-aea5-480a-b4f6-2282b6ec0069",
    "data": [
      {
        "text": "What are the ",
        "userDefined": false
      },
      {
        "text": "benefits",
        "meta": "@Benefits",
        "alias": "benefits",
        "userDefined": false
      },
      {
        "text": " of ",
        "userDefined": false
      },
      {
        "text": "being",
        "userDefined": false
      },
      {
        "text": " a part ",
        "userDefined": false
      },
      {
        "text": "of PMFME",
        "meta": "@PMFME",
        "alias": "pmfme",
        "userDefined": false
      }
    ],
    "isTemplate": false,
    "count": 0,
    "lang": "en",
    "updated": 0
  }
]