[
  {
    "id": "6ac5713d-f9df-43cb-a862-d1941e6d71be",
    "data": [
      {
        "text": "Tell",
        "userDefined": false
      },
      {
        "text": " me the details ",
        "userDefined": false
      },
      {
        "text": "of the Pradhan Mantri Formalization of Micro Food Processing Enterprises Scheme",
        "meta": "@PMFME",
        "alias": "pmfme",
        "userDefined": false
      }
    ],
    "isTemplate": false,
    "count": 0,
    "lang": "en",
    "updated": 0
  },
  {
    "id": "12f760ad-360c-4235-9113-92e19b6fb566",
    "data": [
      {
        "text": "Tell",
        "userDefined": false
      },
      {
        "text": " me about ",
        "userDefined": false
      },
      {
        "text": "Pradhan Mantri Formalization of Micro Food Processing Enterprises Scheme",
        "meta": "@PMFME",
        "alias": "pmfme",
        "userDefined": false
      }
    ],
    "isTemplate": false,
    "count": 0,
    "lang": "en",
    "updated": 0
  },
  {
    "id": "775f9a33-d0d2-4816-a978-963525db3fa5",
    "data": [
      {
        "text": "What do you know about the ",
        "userDefined": false
      },
      {
        "text": "PMFME scheme",
        "meta": "@PMFME",
        "alias": "pmfme",
        "userDefined": false
      }
    ],
    "isTemplate": false,
    "count": 0,
    "lang": "en",
    "updated": 0
  },
  {
    "id": "7db8969c-c575-4143-8ee8-c15df21b6bd8",
    "data": [
      {
        "text": "Tell",
        "userDefined": false
      },
      {
        "text": " me about the ",
        "userDefined": false
      },
      {
        "text": "PMFME",
        "meta": "@PMFME",
        "alias": "pmfme",
        "userDefined": false
      },
      {
        "text": " policy",
        "userDefined": false
      }
    ],
    "isTemplate": false,
    "count": 0,
    "lang": "en",
    "updated": 0
  },
  {
    "id": "ea4c3e73-9fb0-4ad4-9f6f-73041753daab",
    "data": [
      {
        "text": "Tell",
        "userDefined": false
      },
      {
        "text": " me about the ",
        "userDefined": false
      },
      {
        "text": "Formalization of Micro Food Processing Enterprises Scheme",
        "meta": "@PMFME",
        "alias": "pmfme",
        "userDefined": false
      }
    ],
    "isTemplate": false,
    "count": 0,
    "lang": "en",
    "updated": 0
  },
  {
    "id": "9c141079-6873-4f33-a991-a4f3557ac3dc",
    "data": [
      {
        "text": "Tell",
        "userDefined": false
      },
      {
        "text": " me everything about ",
        "userDefined": false
      },
      {
        "text": "PM Formalization of Micro Food Processing Enterprises Scheme",
        "meta": "@PMFME",
        "alias": "pmfme",
        "userDefined": false
      }
    ],
    "isTemplate": false,
    "count": 0,
    "lang": "en",
    "updated": 0
  },
  {
    "id": "76e5238b-08e5-4d78-96d3-233a8147e505",
    "data": [
      {
        "text": "What is ",
        "userDefined": false
      },
      {
        "text": "PMFME",
        "meta": "@PMFME",
        "alias": "pmfme",
        "userDefined": false
      }
    ],
    "isTemplate": false,
    "count": 0,
    "lang": "en",
    "updated": 0
  },
  {
    "id": "c7efb210-73c1-4eb9-8486-e61c2c7d602c",
    "data": [
      {
        "text": "What\u0027s ",
        "userDefined": false
      },
      {
        "text": "Pradhan Mantri Formalization of Micro Food Processing Enterprises Scheme",
        "meta": "@PMFME",
        "alias": "pmfme",
        "userDefined": false
      }
    ],
    "isTemplate": false,
    "count": 0,
    "lang": "en",
    "updated": 0
  }
]