[
  {
    "id": "f7307123-9525-40cb-b5e9-ea8d9d750862",
    "data": [
      {
        "text": "What are the  ",
        "userDefined": false
      },
      {
        "text": "services",
        "meta": "@Benefits",
        "alias": "benefits",
        "userDefined": true
      },
      {
        "text": " offered under ",
        "userDefined": false
      },
      {
        "text": "PMJDY",
        "meta": "@PMJDY",
        "alias": "pmjdy",
        "userDefined": false
      }
    ],
    "isTemplate": false,
    "count": 0,
    "lang": "en",
    "updated": 0
  },
  {
    "id": "3f2f0190-a858-4283-9309-dfed8b98a7f7",
    "data": [
      {
        "text": "Jan Dhan Yojana",
        "meta": "@PMJDY",
        "alias": "pmjdy",
        "userDefined": false
      },
      {
        "text": " ",
        "userDefined": false
      },
      {
        "text": "benefits",
        "meta": "@Benefits",
        "alias": "benefits",
        "userDefined": false
      }
    ],
    "isTemplate": false,
    "count": 0,
    "lang": "en",
    "updated": 0
  },
  {
    "id": "73e12b91-46cf-4ded-8852-942ebbd24cb2",
    "data": [
      {
        "text": "What are the ",
        "userDefined": false
      },
      {
        "text": "rewards",
        "meta": "@Benefits",
        "alias": "benefits",
        "userDefined": false
      },
      {
        "text": " offered as part of ",
        "userDefined": false
      },
      {
        "text": "PM Jan Dhan Yojana",
        "meta": "@PMJDY",
        "alias": "pmjdy",
        "userDefined": false
      }
    ],
    "isTemplate": false,
    "count": 0,
    "lang": "en",
    "updated": 0
  },
  {
    "id": "ef657cae-e25f-4b7f-862a-aaf5b6cb5f5c",
    "data": [
      {
        "text": "Tell",
        "userDefined": false
      },
      {
        "text": "  me about the ",
        "userDefined": false
      },
      {
        "text": "use",
        "meta": "@Benefits",
        "alias": "benefits",
        "userDefined": false
      },
      {
        "text": " of ",
        "userDefined": false
      },
      {
        "text": "Pradhan Mantri Jan Dhan Yojana",
        "meta": "@PMJDY",
        "alias": "pmjdy",
        "userDefined": false
      }
    ],
    "isTemplate": false,
    "count": 0,
    "lang": "en",
    "updated": 0
  },
  {
    "id": "2edf2682-ca40-406b-8f85-e1c2dd6b9f1b",
    "data": [
      {
        "text": "Why should I open a ",
        "userDefined": false
      },
      {
        "text": "PMJDY",
        "meta": "@PMJDY",
        "alias": "pmjdy",
        "userDefined": false
      },
      {
        "text": " account",
        "userDefined": false
      }
    ],
    "isTemplate": false,
    "count": 0,
    "lang": "en",
    "updated": 0
  },
  {
    "id": "9e277019-7274-456e-b7f0-66371a5f1366",
    "data": [
      {
        "text": "What is the ",
        "userDefined": false
      },
      {
        "text": "use",
        "meta": "@Benefits",
        "alias": "benefits",
        "userDefined": false
      },
      {
        "text": " of opening a ",
        "userDefined": false
      },
      {
        "text": "PMJDY",
        "meta": "@PMJDY",
        "alias": "pmjdy",
        "userDefined": false
      },
      {
        "text": " account",
        "userDefined": false
      }
    ],
    "isTemplate": false,
    "count": 0,
    "lang": "en",
    "updated": 0
  },
  {
    "id": "1fc64999-1bcc-4b54-a739-c622191771b0",
    "data": [
      {
        "text": "What are the  ",
        "userDefined": false
      },
      {
        "text": "benefits",
        "meta": "@Benefits",
        "alias": "benefits",
        "userDefined": false
      },
      {
        "text": "  offered as part of  ",
        "userDefined": false
      },
      {
        "text": "Pradhan Mantri Jan Dhan Yojana",
        "meta": "@PMJDY",
        "alias": "pmjdy",
        "userDefined": false
      }
    ],
    "isTemplate": false,
    "count": 0,
    "lang": "en",
    "updated": 0
  },
  {
    "id": "e4641a49-efb1-4b82-b825-2614b4c1cb6d",
    "data": [
      {
        "text": "What are the ",
        "userDefined": false
      },
      {
        "text": "benefits",
        "meta": "@Benefits",
        "alias": "benefits",
        "userDefined": false
      },
      {
        "text": " of opening an account under ",
        "userDefined": false
      },
      {
        "text": "PMJDY",
        "meta": "@PMJDY",
        "alias": "pmjdy",
        "userDefined": false
      }
    ],
    "isTemplate": false,
    "count": 0,
    "lang": "en",
    "updated": 0
  }
]