[
  {
    "id": "15ed07be-c507-42ea-ae5e-ca9951ec9865",
    "data": [
      {
        "text": "Tell",
        "userDefined": false
      },
      {
        "text": " me the details of the ",
        "userDefined": false
      },
      {
        "text": "PM Jan Dhan Yojana",
        "meta": "@PMJDY",
        "alias": "pmjdy",
        "userDefined": false
      }
    ],
    "isTemplate": false,
    "count": 0,
    "lang": "en",
    "updated": 0
  },
  {
    "id": "c2e96b10-0551-421e-97cf-da1f3f14b1ed",
    "data": [
      {
        "text": "Tell",
        "userDefined": false
      },
      {
        "text": " me about ",
        "userDefined": false
      },
      {
        "text": "Pradhan Mantri Jan Dhan Yojana",
        "meta": "@PMJDY",
        "alias": "pmjdy",
        "userDefined": false
      }
    ],
    "isTemplate": false,
    "count": 0,
    "lang": "en",
    "updated": 0
  },
  {
    "id": "57232356-0ea7-4602-8e8d-2624b61eb77c",
    "data": [
      {
        "text": "Tell",
        "userDefined": false
      },
      {
        "text": " me about the ",
        "userDefined": false
      },
      {
        "text": "PMJDY",
        "meta": "@PMJDY",
        "alias": "pmjdy",
        "userDefined": false
      },
      {
        "text": " scheme",
        "userDefined": false
      }
    ],
    "isTemplate": false,
    "count": 0,
    "lang": "en",
    "updated": 0
  },
  {
    "id": "24270daa-3e08-4b3e-a1e4-b1cd6cf76590",
    "data": [
      {
        "text": "Tell",
        "userDefined": false
      },
      {
        "text": " me about the ",
        "userDefined": false
      },
      {
        "text": "Pradhan Mantri Jan Dhan Yojana",
        "meta": "@PMJDY",
        "alias": "pmjdy",
        "userDefined": false
      },
      {
        "text": " schemes",
        "userDefined": false
      }
    ],
    "isTemplate": false,
    "count": 0,
    "lang": "en",
    "updated": 0
  },
  {
    "id": "a6886193-f65c-4215-a2ef-edc644dcea74",
    "data": [
      {
        "text": "Tell",
        "userDefined": false
      },
      {
        "text": " me about the ",
        "userDefined": false
      },
      {
        "text": "Pradhan Mantri Jan Dhan Yojana",
        "meta": "@PMJDY",
        "alias": "pmjdy",
        "userDefined": false
      },
      {
        "text": " policy",
        "userDefined": false
      }
    ],
    "isTemplate": false,
    "count": 0,
    "lang": "en",
    "updated": 0
  },
  {
    "id": "77d723a0-d8fe-420c-b69a-886dd56ef4a9",
    "data": [
      {
        "text": "Tell",
        "userDefined": false
      },
      {
        "text": " me everything about ",
        "userDefined": false
      },
      {
        "text": "Pradhan Mantri Jan Dhan Yojana",
        "meta": "@PMJDY",
        "alias": "pmjdy",
        "userDefined": false
      }
    ],
    "isTemplate": false,
    "count": 0,
    "lang": "en",
    "updated": 0
  },
  {
    "id": "90005ced-b1c9-4f26-abdf-aa9dfe9ca8e0",
    "data": [
      {
        "text": "What is ",
        "userDefined": false
      },
      {
        "text": "Jan Dhan Yojana",
        "meta": "@PMJDY",
        "alias": "pmjdy",
        "userDefined": false
      }
    ],
    "isTemplate": false,
    "count": 0,
    "lang": "en",
    "updated": 0
  },
  {
    "id": "e3007fe3-60d6-4fca-8597-7e4762b169d9",
    "data": [
      {
        "text": "What is ",
        "userDefined": false
      },
      {
        "text": "Pradhan Mantri Jan Dhan Yojana",
        "meta": "@PMJDY",
        "alias": "pmjdy",
        "userDefined": false
      }
    ],
    "isTemplate": false,
    "count": 0,
    "lang": "en",
    "updated": 0
  }
]