[
  {
    "id": "59a89272-b854-4015-a046-6cc2a91a7fe4",
    "data": [
      {
        "text": "Te",
        "userDefined": false
      }
    ],
    "isTemplate": false,
    "count": 0,
    "lang": "en",
    "updated": 0
  },
  {
    "id": "dd2db503-38ab-4513-98e3-c8194481a47f",
    "data": [
      {
        "text": "What are the ",
        "userDefined": false
      },
      {
        "text": "benefits",
        "meta": "@Benefits",
        "alias": "benefits",
        "userDefined": false
      },
      {
        "text": " of opening an account under ",
        "userDefined": false
      },
      {
        "text": "PMJJBY",
        "meta": "@PMJJBY",
        "alias": "pmjjby",
        "userDefined": false
      }
    ],
    "isTemplate": false,
    "count": 0,
    "lang": "en",
    "updated": 0
  },
  {
    "id": "08db71c1-8a62-40ae-a0cb-83bc326c382e",
    "data": [
      {
        "text": "What are the  ",
        "userDefined": false
      },
      {
        "text": "benefits",
        "meta": "@Benefits",
        "alias": "benefits",
        "userDefined": false
      },
      {
        "text": " offered as part of ",
        "userDefined": false
      },
      {
        "text": "Pradhan Mantri Jeevan Jyoti Bima Yojana",
        "meta": "@PMJJBY",
        "alias": "pmjjby",
        "userDefined": false
      }
    ],
    "isTemplate": false,
    "count": 0,
    "lang": "en",
    "updated": 0
  },
  {
    "id": "cda634c3-9b46-4b01-834b-384545a80c0d",
    "data": [
      {
        "text": "What is the ",
        "userDefined": false
      },
      {
        "text": "use",
        "meta": "@Benefits",
        "alias": "benefits",
        "userDefined": false
      },
      {
        "text": " of opening a ",
        "userDefined": false
      },
      {
        "text": "PMJJBY",
        "meta": "@PMJJBY",
        "alias": "pmjjby",
        "userDefined": false
      },
      {
        "text": " account",
        "userDefined": false
      }
    ],
    "isTemplate": false,
    "count": 0,
    "lang": "en",
    "updated": 0
  },
  {
    "id": "6088d5cb-fd93-4fe7-8c4d-46be964e3a12",
    "data": [
      {
        "text": "Why should I open a ",
        "userDefined": false
      },
      {
        "text": "PMJJBY",
        "meta": "@PMJJBY",
        "alias": "pmjjby",
        "userDefined": false
      },
      {
        "text": " account",
        "userDefined": false
      }
    ],
    "isTemplate": false,
    "count": 0,
    "lang": "en",
    "updated": 0
  },
  {
    "id": "62ccd4ed-fa74-4025-b575-e52b2a4f3ad7",
    "data": [
      {
        "text": "Tell",
        "userDefined": false
      },
      {
        "text": "  me about the ",
        "userDefined": false
      },
      {
        "text": "use",
        "meta": "@Benefits",
        "alias": "benefits",
        "userDefined": false
      },
      {
        "text": " of ",
        "userDefined": false
      },
      {
        "text": "Pradhan Mantri Jeevan Jyoti Bima Yojana",
        "meta": "@PMJJBY",
        "alias": "pmjjby",
        "userDefined": false
      }
    ],
    "isTemplate": false,
    "count": 0,
    "lang": "en",
    "updated": 0
  },
  {
    "id": "2d9c937f-b5d2-49f1-b7b8-dec1a427a387",
    "data": [
      {
        "text": "What are the ",
        "userDefined": false
      },
      {
        "text": "rewards",
        "meta": "@Benefits",
        "alias": "benefits",
        "userDefined": false
      },
      {
        "text": " offered as part of ",
        "userDefined": false
      },
      {
        "text": "PM Jeevan Jyoti Bima Yojana",
        "meta": "@PMJJBY",
        "alias": "pmjjby",
        "userDefined": false
      }
    ],
    "isTemplate": false,
    "count": 0,
    "lang": "en",
    "updated": 0
  },
  {
    "id": "7580b524-5fd4-42b1-847a-66210cad9066",
    "data": [
      {
        "text": "Jeevan Jyoti Bima Yojana",
        "meta": "@PMJJBY",
        "alias": "pmjjby",
        "userDefined": false
      },
      {
        "text": " ",
        "userDefined": false
      },
      {
        "text": "benefits",
        "meta": "@Benefits",
        "alias": "benefits",
        "userDefined": false
      }
    ],
    "isTemplate": false,
    "count": 0,
    "lang": "en",
    "updated": 0
  },
  {
    "id": "36e20389-4a1c-47a7-9d1a-720fc132b83b",
    "data": [
      {
        "text": "What are the ",
        "userDefined": false
      },
      {
        "text": "services",
        "meta": "@Benefits",
        "alias": "benefits",
        "userDefined": false
      },
      {
        "text": " offered under ",
        "userDefined": false
      },
      {
        "text": "PMJJBY",
        "meta": "@PMJJBY",
        "alias": "pmjjby",
        "userDefined": false
      }
    ],
    "isTemplate": false,
    "count": 0,
    "lang": "en",
    "updated": 0
  }
]