[
  {
    "id": "555e7330-44e3-471d-8116-585b3a493f69",
    "data": [
      {
        "text": "Tell",
        "userDefined": false
      },
      {
        "text": " me the details of the ",
        "userDefined": false
      },
      {
        "text": "Pradhan Mantri Matsya Sampada Yojana",
        "meta": "@PMMSY",
        "alias": "pmmsy",
        "userDefined": false
      }
    ],
    "isTemplate": false,
    "count": 0,
    "lang": "en",
    "updated": 0
  },
  {
    "id": "e9b87392-73ba-4056-b61a-7431123c38cf",
    "data": [
      {
        "text": "Tell",
        "userDefined": false
      },
      {
        "text": " me about ",
        "userDefined": false
      },
      {
        "text": "Pradhan Mantri Matsya Sampada Yojana",
        "meta": "@PMMSY",
        "alias": "pmmsy",
        "userDefined": false
      }
    ],
    "isTemplate": false,
    "count": 0,
    "lang": "en",
    "updated": 0
  },
  {
    "id": "256d14e5-ed38-4b17-a3cd-46ab2016af2c",
    "data": [
      {
        "text": "What do you know about the ",
        "userDefined": false
      },
      {
        "text": "PMMSY",
        "meta": "@PMMSY",
        "alias": "pmmsy",
        "userDefined": false
      },
      {
        "text": " scheme",
        "userDefined": false
      }
    ],
    "isTemplate": false,
    "count": 0,
    "lang": "en",
    "updated": 0
  },
  {
    "id": "bcf8b937-061a-4773-ab4c-144d27e1cb46",
    "data": [
      {
        "text": "Tell",
        "userDefined": false
      },
      {
        "text": " me about the ",
        "userDefined": false
      },
      {
        "text": "PMMSY",
        "meta": "@PMMSY",
        "alias": "pmmsy",
        "userDefined": false
      },
      {
        "text": " policy",
        "userDefined": false
      }
    ],
    "isTemplate": false,
    "count": 0,
    "lang": "en",
    "updated": 0
  },
  {
    "id": "7b9ef4ac-4377-465d-ae0c-9c4339cea1df",
    "data": [
      {
        "text": "Tell",
        "userDefined": false
      },
      {
        "text": " me about the ",
        "userDefined": false
      },
      {
        "text": "Pradhan Mantri Matsya Sampada Yojana",
        "meta": "@PMMSY",
        "alias": "pmmsy",
        "userDefined": false
      }
    ],
    "isTemplate": false,
    "count": 0,
    "lang": "en",
    "updated": 0
  },
  {
    "id": "5d99784e-a208-4b10-86a3-01533b273a62",
    "data": [
      {
        "text": "Tell",
        "userDefined": false
      },
      {
        "text": " me everything about ",
        "userDefined": false
      },
      {
        "text": "Pradhan Mantri Matsya Sampada Yojana",
        "meta": "@PMMSY",
        "alias": "pmmsy",
        "userDefined": false
      }
    ],
    "isTemplate": false,
    "count": 0,
    "lang": "en",
    "updated": 0
  },
  {
    "id": "9a232ef1-e5f4-4707-90f1-ae7cdc9815dc",
    "data": [
      {
        "text": "What is ",
        "userDefined": false
      },
      {
        "text": "PMMSY",
        "meta": "@PMMSY",
        "alias": "pmmsy",
        "userDefined": false
      }
    ],
    "isTemplate": false,
    "count": 0,
    "lang": "en",
    "updated": 0
  },
  {
    "id": "441dae42-c322-4f74-8dad-f233b5cd43df",
    "data": [
      {
        "text": "What\u0027s ",
        "userDefined": false
      },
      {
        "text": "Pradhan Mantri Matsya Sampada Yojana",
        "meta": "@PMMSY",
        "alias": "pmmsy",
        "userDefined": false
      }
    ],
    "isTemplate": false,
    "count": 0,
    "lang": "en",
    "updated": 0
  }
]