[
  {
    "id": "a39e743e-40e6-4f1d-aba4-87755f65f6ad",
    "data": [
      {
        "text": "What is ",
        "userDefined": false
      },
      {
        "text": "Pradhan Mantri Mudra Yojana",
        "meta": "@PMMY",
        "alias": "pmmy",
        "userDefined": false
      }
    ],
    "isTemplate": false,
    "count": 0,
    "lang": "en",
    "updated": 0
  },
  {
    "id": "d0693363-4f36-4855-af4c-0ceb016a458c",
    "data": [
      {
        "text": "What is ",
        "userDefined": false
      },
      {
        "text": "Mudra Yojana",
        "meta": "@PMMY",
        "alias": "pmmy",
        "userDefined": false
      }
    ],
    "isTemplate": false,
    "count": 0,
    "lang": "en",
    "updated": 0
  },
  {
    "id": "cf71a204-a2d6-4c8b-b2a6-c0d659f3246a",
    "data": [
      {
        "text": "Tell",
        "userDefined": false
      },
      {
        "text": " me everything about ",
        "userDefined": false
      },
      {
        "text": "Pradhan Mantri Mudra Yojana",
        "meta": "@PMMY",
        "alias": "pmmy",
        "userDefined": false
      }
    ],
    "isTemplate": false,
    "count": 0,
    "lang": "en",
    "updated": 0
  },
  {
    "id": "0e038740-fb52-4868-aa7f-439264835816",
    "data": [
      {
        "text": "Tell",
        "userDefined": false
      },
      {
        "text": " me about the ",
        "userDefined": false
      },
      {
        "text": "Pradhan Mantri Mudra Yojana",
        "meta": "@PMMY",
        "alias": "pmmy",
        "userDefined": false
      },
      {
        "text": " policy",
        "userDefined": false
      }
    ],
    "isTemplate": false,
    "count": 0,
    "lang": "en",
    "updated": 0
  },
  {
    "id": "935d42aa-4d21-434a-b2ff-821657977392",
    "data": [
      {
        "text": "Tell",
        "userDefined": false
      },
      {
        "text": " me about the ",
        "userDefined": false
      },
      {
        "text": "Pradhan Mantri Mudra Yojana schemes",
        "meta": "@PMMY",
        "alias": "pmmy",
        "userDefined": false
      }
    ],
    "isTemplate": false,
    "count": 0,
    "lang": "en",
    "updated": 0
  },
  {
    "id": "d36207db-1d6d-405e-9d9b-07392269dc0f",
    "data": [
      {
        "text": "Tell",
        "userDefined": false
      },
      {
        "text": " me about the ",
        "userDefined": false
      },
      {
        "text": "PMMY scheme",
        "meta": "@PMMY",
        "alias": "pmmy",
        "userDefined": false
      }
    ],
    "isTemplate": false,
    "count": 0,
    "lang": "en",
    "updated": 0
  },
  {
    "id": "1dc066f5-c4f7-4f79-a2bd-9a75aacd6236",
    "data": [
      {
        "text": "Tell",
        "userDefined": false
      },
      {
        "text": " me about ",
        "userDefined": false
      },
      {
        "text": "Pradhan Mantri Mudra Yojana",
        "meta": "@PMMY",
        "alias": "pmmy",
        "userDefined": false
      }
    ],
    "isTemplate": false,
    "count": 0,
    "lang": "en",
    "updated": 0
  },
  {
    "id": "d796b679-8e62-47c5-9cec-78d2b0477686",
    "data": [
      {
        "text": "Tell",
        "userDefined": false
      },
      {
        "text": " me the details of the ",
        "userDefined": false
      },
      {
        "text": "PM Mudra Yojana",
        "meta": "@PMMY",
        "alias": "pmmy",
        "userDefined": false
      }
    ],
    "isTemplate": false,
    "count": 0,
    "lang": "en",
    "updated": 0
  }
]