[
  {
    "id": "5986f5a8-899c-41d4-a6a3-515067d030ec",
    "data": [
      {
        "text": "What are the ",
        "userDefined": false
      },
      {
        "text": "benefits",
        "meta": "@Benefits",
        "alias": "benefits",
        "userDefined": false
      },
      {
        "text": " of opening an account under ",
        "userDefined": false
      },
      {
        "text": "PMSBY",
        "meta": "@PMSBY",
        "alias": "pmsby",
        "userDefined": false
      }
    ],
    "isTemplate": false,
    "count": 0,
    "lang": "en",
    "updated": 0
  },
  {
    "id": "088cf985-16e3-403d-82f4-66f7d648f14c",
    "data": [
      {
        "text": "What are the  ",
        "userDefined": false
      },
      {
        "text": "benefits",
        "meta": "@Benefits",
        "alias": "benefits",
        "userDefined": false
      },
      {
        "text": " offered as part of ",
        "userDefined": false
      },
      {
        "text": "Pradhan Mantri Suraksha Bima Yojana",
        "meta": "@PMSBY",
        "alias": "pmsby",
        "userDefined": false
      }
    ],
    "isTemplate": false,
    "count": 0,
    "lang": "en",
    "updated": 0
  },
  {
    "id": "f40c975b-c084-4883-b70b-5c6aeecdf77b",
    "data": [
      {
        "text": "What is the ",
        "userDefined": false
      },
      {
        "text": "use",
        "meta": "@Benefits",
        "alias": "benefits",
        "userDefined": false
      },
      {
        "text": " of opening a ",
        "userDefined": false
      },
      {
        "text": "PMSBY",
        "meta": "@PMSBY",
        "alias": "pmsby",
        "userDefined": false
      },
      {
        "text": " account",
        "userDefined": false
      }
    ],
    "isTemplate": false,
    "count": 0,
    "lang": "en",
    "updated": 0
  },
  {
    "id": "a408c15b-43d9-47d0-9d26-d47f7972f62a",
    "data": [
      {
        "text": "Why should I open a ",
        "userDefined": false
      },
      {
        "text": "PMSBY",
        "meta": "@PMSBY",
        "alias": "pmsby",
        "userDefined": false
      },
      {
        "text": " account",
        "userDefined": false
      }
    ],
    "isTemplate": false,
    "count": 0,
    "lang": "en",
    "updated": 0
  },
  {
    "id": "f2cec2b7-f360-4066-861b-42fba34d0b2d",
    "data": [
      {
        "text": "Tell",
        "userDefined": false
      },
      {
        "text": "  me about the ",
        "userDefined": false
      },
      {
        "text": "use",
        "meta": "@Benefits",
        "alias": "benefits",
        "userDefined": false
      },
      {
        "text": " of ",
        "userDefined": false
      },
      {
        "text": "Pradhan Mantri Suraksha Bima Yojana",
        "meta": "@PMSBY",
        "alias": "pmsby",
        "userDefined": false
      }
    ],
    "isTemplate": false,
    "count": 0,
    "lang": "en",
    "updated": 0
  },
  {
    "id": "c596d66f-86c7-47bc-9347-a9ad89f61c2a",
    "data": [
      {
        "text": "What are the ",
        "userDefined": false
      },
      {
        "text": "rewards",
        "meta": "@Benefits",
        "alias": "benefits",
        "userDefined": false
      },
      {
        "text": " offered as part of ",
        "userDefined": false
      },
      {
        "text": "PM Suraksha Bima Yojana",
        "meta": "@PMSBY",
        "alias": "pmsby",
        "userDefined": true
      }
    ],
    "isTemplate": false,
    "count": 0,
    "lang": "en",
    "updated": 0
  },
  {
    "id": "667cc9a1-8854-4fa4-9ac7-628cc7c85564",
    "data": [
      {
        "text": "Suraksha Bima Yojana",
        "meta": "@PMSBY",
        "alias": "pmsby",
        "userDefined": false
      },
      {
        "text": " ",
        "userDefined": false
      },
      {
        "text": "benefits",
        "meta": "@Benefits",
        "alias": "benefits",
        "userDefined": false
      }
    ],
    "isTemplate": false,
    "count": 0,
    "lang": "en",
    "updated": 0
  },
  {
    "id": "35aafc06-9691-4d12-b476-320ada1fc95b",
    "data": [
      {
        "text": "What are the ",
        "userDefined": false
      },
      {
        "text": "services",
        "meta": "@Benefits",
        "alias": "benefits",
        "userDefined": false
      },
      {
        "text": " offered under ",
        "userDefined": false
      },
      {
        "text": "PMSBY",
        "meta": "@PMSBY",
        "alias": "pmsby",
        "userDefined": false
      }
    ],
    "isTemplate": false,
    "count": 0,
    "lang": "en",
    "updated": 0
  }
]