[
  {
    "id": "3700aa77-e970-4812-8949-2a5eeb175def",
    "data": [
      {
        "text": "Tell",
        "userDefined": false
      },
      {
        "text": " me about some schemes for empowering ",
        "userDefined": false
      },
      {
        "text": "women",
        "meta": "@PoliciesForWomen",
        "alias": "policiesforwomen",
        "userDefined": true
      }
    ],
    "isTemplate": false,
    "count": 0,
    "lang": "en",
    "updated": 0
  },
  {
    "id": "ab009fa3-5048-4a66-9725-f96392d531dc",
    "data": [
      {
        "text": "Under which scheme can ",
        "userDefined": false
      },
      {
        "text": "women",
        "meta": "@PoliciesForWomen",
        "alias": "policiesforwomen",
        "userDefined": false
      },
      {
        "text": " ",
        "userDefined": false
      },
      {
        "text": "benefit",
        "userDefined": false
      }
    ],
    "isTemplate": false,
    "count": 0,
    "lang": "en",
    "updated": 0
  },
  {
    "id": "614cdf4b-f691-43c5-8088-8498922a8bd1",
    "data": [
      {
        "text": "What are some ",
        "userDefined": false
      },
      {
        "text": "government",
        "userDefined": false
      },
      {
        "text": " policies for ",
        "userDefined": false
      },
      {
        "text": "women",
        "meta": "@PoliciesForWomen",
        "alias": "policiesforwomen",
        "userDefined": true
      }
    ],
    "isTemplate": false,
    "count": 0,
    "lang": "en",
    "updated": 0
  },
  {
    "id": "5ae0646d-fdcb-486c-8b80-77e0a6efe78a",
    "data": [
      {
        "text": "What are  some schemes ",
        "userDefined": false
      },
      {
        "text": "in India",
        "userDefined": false
      },
      {
        "text": " for ",
        "userDefined": false
      },
      {
        "text": "females",
        "meta": "@PoliciesForWomen",
        "alias": "policiesforwomen",
        "userDefined": false
      }
    ],
    "isTemplate": false,
    "count": 0,
    "lang": "en",
    "updated": 0
  },
  {
    "id": "cf8260d4-5bd7-4087-9bdd-f978b8657582",
    "data": [
      {
        "text": "Policies for ",
        "userDefined": false
      },
      {
        "text": "Women",
        "meta": "@PoliciesForWomen",
        "alias": "policiesforwomen",
        "userDefined": true
      }
    ],
    "isTemplate": false,
    "count": 0,
    "lang": "en",
    "updated": 0
  },
  {
    "id": "060d542e-de03-4668-8df9-a0293afe987b",
    "data": [
      {
        "text": "Schemes to empower the ",
        "userDefined": false
      },
      {
        "text": "girls",
        "meta": "@PoliciesForWomen",
        "alias": "policiesforwomen",
        "userDefined": false
      },
      {
        "text": " of the country",
        "userDefined": false
      }
    ],
    "isTemplate": false,
    "count": 0,
    "lang": "en",
    "updated": 0
  },
  {
    "id": "7f005341-bd84-42c7-af01-980f7894b7ed",
    "data": [
      {
        "text": "Tell",
        "userDefined": false
      },
      {
        "text": " me about some policies for ",
        "userDefined": false
      },
      {
        "text": "women",
        "meta": "@PoliciesForWomen",
        "alias": "policiesforwomen",
        "userDefined": true
      }
    ],
    "isTemplate": false,
    "count": 0,
    "lang": "en",
    "updated": 0
  },
  {
    "id": "17984d90-ef11-4088-8929-79953309465a",
    "data": [
      {
        "text": "What are some ",
        "userDefined": false
      },
      {
        "text": "government",
        "userDefined": false
      },
      {
        "text": "-backed schemes for ",
        "userDefined": false
      },
      {
        "text": "women",
        "meta": "@PoliciesForWomen",
        "alias": "policiesforwomen",
        "userDefined": true
      }
    ],
    "isTemplate": false,
    "count": 0,
    "lang": "en",
    "updated": 0
  }
]