[
  {
    "id": "f1ef37c4-9f56-4c3e-a0bd-425dc9a22e1a",
    "data": [
      {
        "text": "Tell",
        "userDefined": false
      },
      {
        "text": " me about some schemes for small scale ",
        "userDefined": false
      },
      {
        "text": "businesses",
        "meta": "@PoliciesForBusiness",
        "alias": "policiesforbusiness",
        "userDefined": false
      },
      {
        "text": " and ",
        "userDefined": false
      },
      {
        "text": "startups",
        "meta": "@PoliciesForBusiness",
        "alias": "policiesforbusiness",
        "userDefined": false
      }
    ],
    "isTemplate": false,
    "count": 0,
    "lang": "en",
    "updated": 0
  },
  {
    "id": "a3af5b26-9c3e-4dde-87c8-d1701eb0a0fc",
    "data": [
      {
        "text": "Tell",
        "userDefined": false
      },
      {
        "text": " me about the schemes for helping my ",
        "userDefined": false
      },
      {
        "text": "business",
        "meta": "@PoliciesForBusiness",
        "alias": "policiesforbusiness",
        "userDefined": false
      },
      {
        "text": " grow",
        "userDefined": false
      }
    ],
    "isTemplate": false,
    "count": 0,
    "lang": "en",
    "updated": 0
  },
  {
    "id": "071b5e17-93f8-4307-8ce1-154eaf740038",
    "data": [
      {
        "text": "Under which scheme can ",
        "userDefined": false
      },
      {
        "text": "business",
        "meta": "@PoliciesForBusiness",
        "alias": "policiesforbusiness",
        "userDefined": false
      },
      {
        "text": " get support from the  government of ",
        "userDefined": false
      },
      {
        "text": "india",
        "meta": "@sys.geo-country",
        "alias": "geo-country",
        "userDefined": false
      }
    ],
    "isTemplate": false,
    "count": 0,
    "lang": "en",
    "updated": 0
  },
  {
    "id": "2c8718ec-6145-494e-b6ec-21e3196356a4",
    "data": [
      {
        "text": "What are some government policies related to helping ",
        "userDefined": false
      },
      {
        "text": "businesses",
        "meta": "@PoliciesForBusiness",
        "alias": "policiesforbusiness",
        "userDefined": false
      },
      {
        "text": " grow",
        "userDefined": false
      }
    ],
    "isTemplate": false,
    "count": 0,
    "lang": "en",
    "updated": 0
  },
  {
    "id": "ae46c7bb-140f-4439-9b0d-8de8be847bcb",
    "data": [
      {
        "text": "Wha are some policies for helping ",
        "userDefined": false
      },
      {
        "text": "startups",
        "meta": "@PoliciesForBusiness",
        "alias": "policiesforbusiness",
        "userDefined": false
      },
      {
        "text": " and ",
        "userDefined": false
      },
      {
        "text": "businesses",
        "meta": "@PoliciesForBusiness",
        "alias": "policiesforbusiness",
        "userDefined": false
      }
    ],
    "isTemplate": false,
    "count": 0,
    "lang": "en",
    "updated": 0
  },
  {
    "id": "34517cc7-9af2-41be-9064-7c2c75cb1b30",
    "data": [
      {
        "text": "Tell",
        "userDefined": false
      },
      {
        "text": " me about some policies for helping ",
        "userDefined": false
      },
      {
        "text": "businesses",
        "meta": "@PoliciesForBusiness",
        "alias": "policiesforbusiness",
        "userDefined": false
      },
      {
        "text": " grow ",
        "userDefined": false
      },
      {
        "text": "in India",
        "userDefined": false
      }
    ],
    "isTemplate": false,
    "count": 0,
    "lang": "en",
    "updated": 0
  },
  {
    "id": "ce3062c9-3ec5-434a-af03-a6fa80ee2cd6",
    "data": [
      {
        "text": "What are some government-backed schemes for supporting  ",
        "userDefined": false
      },
      {
        "text": "businesses",
        "meta": "@PoliciesForBusiness",
        "alias": "policiesforbusiness",
        "userDefined": false
      },
      {
        "text": " ",
        "userDefined": false
      },
      {
        "text": "in India",
        "userDefined": false
      }
    ],
    "isTemplate": false,
    "count": 0,
    "lang": "en",
    "updated": 0
  }
]