[
  {
    "id": "37368de2-d146-4b0a-9f12-d2de422ea4bd",
    "data": [
      {
        "text": "What are some government-backed schemes for taking personal ",
        "userDefined": false
      },
      {
        "text": "loans",
        "meta": "@PoliciesForLoans",
        "alias": "policiesforloans",
        "userDefined": false
      }
    ],
    "isTemplate": false,
    "count": 0,
    "lang": "en",
    "updated": 0
  },
  {
    "id": "b4130dec-0277-48c3-9612-0b5694e744fa",
    "data": [
      {
        "text": "Tell",
        "userDefined": false
      },
      {
        "text": " me about some policies that ",
        "userDefined": false
      },
      {
        "text": "lend",
        "meta": "@PoliciesForLoans",
        "alias": "policiesforloans",
        "userDefined": false
      },
      {
        "text": " money for personal  financing on ",
        "userDefined": false
      },
      {
        "text": "credit",
        "meta": "@PoliciesForLoans",
        "alias": "policiesforloans",
        "userDefined": false
      }
    ],
    "isTemplate": false,
    "count": 0,
    "lang": "en",
    "updated": 0
  },
  {
    "id": "56a8015c-b34d-4d90-9745-1d5589807079",
    "data": [
      {
        "text": "What are some ",
        "userDefined": false
      },
      {
        "text": "loan",
        "meta": "@PoliciesForLoans",
        "alias": "policiesforloans",
        "userDefined": false
      },
      {
        "text": " schemes ",
        "userDefined": false
      },
      {
        "text": "in India",
        "userDefined": false
      },
      {
        "text": " for commoners",
        "userDefined": false
      }
    ],
    "isTemplate": false,
    "count": 0,
    "lang": "en",
    "updated": 0
  },
  {
    "id": "152017b2-3d76-4a54-86f2-b1b700b18ff2",
    "data": [
      {
        "text": "What are some government policies related to ",
        "userDefined": false
      },
      {
        "text": "loans",
        "meta": "@PoliciesForLoans",
        "alias": "policiesforloans",
        "userDefined": false
      },
      {
        "text": " for common people?",
        "userDefined": false
      }
    ],
    "isTemplate": false,
    "count": 0,
    "lang": "en",
    "updated": 0
  },
  {
    "id": "93d342f7-8515-4682-bc5a-d7d8f1b0f82c",
    "data": [
      {
        "text": "Under which scheme can I get money on ",
        "userDefined": false
      },
      {
        "text": "credit",
        "meta": "@PoliciesForLoans",
        "alias": "policiesforloans",
        "userDefined": false
      },
      {
        "text": " for personal financing",
        "userDefined": false
      }
    ],
    "isTemplate": false,
    "count": 0,
    "lang": "en",
    "updated": 0
  },
  {
    "id": "5528a461-4f81-4434-94ad-239b41acbc84",
    "data": [
      {
        "text": "Tell",
        "userDefined": false
      },
      {
        "text": " me about the schemes for ",
        "userDefined": false
      },
      {
        "text": "borrowing",
        "meta": "@PoliciesForLoans",
        "alias": "policiesforloans",
        "userDefined": false
      },
      {
        "text": " money for personal use",
        "userDefined": false
      }
    ],
    "isTemplate": false,
    "count": 0,
    "lang": "en",
    "updated": 0
  },
  {
    "id": "09c9bd1a-e73e-4fb4-80f6-2e76291d4bf3",
    "data": [
      {
        "text": "Tell",
        "userDefined": false
      },
      {
        "text": " me about some schemes for taking a personal ",
        "userDefined": false
      },
      {
        "text": "loan",
        "meta": "@PoliciesForLoans",
        "alias": "policiesforloans",
        "userDefined": false
      }
    ],
    "isTemplate": false,
    "count": 0,
    "lang": "en",
    "updated": 0
  }
]