[
  {
    "id": "be96c400-551f-4037-adcd-420a1ead29d5",
    "data": [
      {
        "text": "What are some pension schemes in ",
        "userDefined": false
      },
      {
        "text": "India",
        "meta": "@sys.geo-country",
        "alias": "geo-country",
        "userDefined": false
      },
      {
        "text": " for getting ",
        "userDefined": false
      },
      {
        "text": "retirement benefits",
        "meta": "@PoliciesForPension",
        "alias": "policiesforpension",
        "userDefined": true
      }
    ],
    "isTemplate": false,
    "count": 0,
    "lang": "en",
    "updated": 0
  },
  {
    "id": "5521d1bc-becd-4a0b-a71f-e4d320266a93",
    "data": [
      {
        "text": "Retirement benefits",
        "meta": "@PoliciesForPension",
        "alias": "policiesforpension",
        "userDefined": true
      },
      {
        "text": " ",
        "userDefined": false
      },
      {
        "text": "plan",
        "userDefined": false
      },
      {
        "text": " for elderly people",
        "userDefined": false
      }
    ],
    "isTemplate": false,
    "count": 0,
    "lang": "en",
    "updated": 0
  },
  {
    "id": "055aa649-0825-4b98-9793-0aca70dd562d",
    "data": [
      {
        "text": "Tell",
        "userDefined": false
      },
      {
        "text": " me about some schemes for getting ",
        "userDefined": false
      },
      {
        "text": "pension",
        "meta": "@PoliciesForPension",
        "alias": "policiesforpension",
        "userDefined": false
      },
      {
        "text": " for ",
        "userDefined": false
      },
      {
        "text": "old",
        "userDefined": false
      },
      {
        "text": " people",
        "userDefined": false
      }
    ],
    "isTemplate": false,
    "count": 0,
    "lang": "en",
    "updated": 0
  },
  {
    "id": "6b86e5c8-1669-4f94-a93c-d747edecbec8",
    "data": [
      {
        "text": "Tell",
        "userDefined": false
      },
      {
        "text": " me about the schemes for getting ",
        "userDefined": false
      },
      {
        "text": "retirement benefits",
        "meta": "@PoliciesForPension",
        "alias": "policiesforpension",
        "userDefined": true
      }
    ],
    "isTemplate": false,
    "count": 0,
    "lang": "en",
    "updated": 0
  },
  {
    "id": "f3b7cfb0-f06c-4e88-9992-469b520358b7",
    "data": [
      {
        "text": "Schemes offering ",
        "userDefined": false
      },
      {
        "text": "pension",
        "meta": "@PoliciesForPension",
        "alias": "policiesforpension",
        "userDefined": false
      },
      {
        "text": " for retired people",
        "userDefined": false
      }
    ],
    "isTemplate": false,
    "count": 0,
    "lang": "en",
    "updated": 0
  },
  {
    "id": "dfc6f46f-b14f-4d4f-b551-8f12f68f9d81",
    "data": [
      {
        "text": "What are some government policies related to ",
        "userDefined": false
      },
      {
        "text": "pensions",
        "meta": "@PoliciesForPension",
        "alias": "policiesforpension",
        "userDefined": false
      },
      {
        "text": " for common people?",
        "userDefined": false
      }
    ],
    "isTemplate": false,
    "count": 0,
    "lang": "en",
    "updated": 0
  },
  {
    "id": "0d5b5d41-0c48-41c0-a0b3-8167d440c8d2",
    "data": [
      {
        "text": "Tell",
        "userDefined": false
      },
      {
        "text": " me about some policies that offer ",
        "userDefined": false
      },
      {
        "text": "pension",
        "meta": "@PoliciesForPension",
        "alias": "policiesforpension",
        "userDefined": false
      }
    ],
    "isTemplate": false,
    "count": 0,
    "lang": "en",
    "updated": 0
  },
  {
    "id": "7f031aaa-676f-4e96-9ff0-b490573f7de5",
    "data": [
      {
        "text": "What are some government-backed schemes for getting ",
        "userDefined": false
      },
      {
        "text": "pension",
        "meta": "@PoliciesForPension",
        "alias": "policiesforpension",
        "userDefined": false
      }
    ],
    "isTemplate": false,
    "count": 0,
    "lang": "en",
    "updated": 0
  }
]