[
  {
    "id": "49ed66ea-03e9-4153-b003-991b304f80c0",
    "data": [
      {
        "text": "Tell",
        "userDefined": false
      },
      {
        "text": " me the details of the ",
        "userDefined": false
      },
      {
        "text": "SERB Promoting Opportunities for Women in Exploratory Research",
        "meta": "@SERBPOWER",
        "alias": "serbpower",
        "userDefined": false
      }
    ],
    "isTemplate": false,
    "count": 0,
    "lang": "en",
    "updated": 0
  },
  {
    "id": "eb4192a1-87ce-4a64-89d1-f0418f855359",
    "data": [
      {
        "text": "Tell",
        "userDefined": false
      },
      {
        "text": " me about ",
        "userDefined": false
      },
      {
        "text": "SERB Promoting Opportunities for Women in Exploratory Research",
        "meta": "@SERBPOWER",
        "alias": "serbpower",
        "userDefined": false
      }
    ],
    "isTemplate": false,
    "count": 0,
    "lang": "en",
    "updated": 0
  },
  {
    "id": "48c5d094-128c-4b70-82e9-386ba18bffd3",
    "data": [
      {
        "text": "What do you know about the ",
        "userDefined": false
      },
      {
        "text": "SERB",
        "meta": "@SERBPOWER",
        "alias": "serbpower",
        "userDefined": false
      },
      {
        "text": " scheme",
        "userDefined": false
      }
    ],
    "isTemplate": false,
    "count": 0,
    "lang": "en",
    "updated": 0
  },
  {
    "id": "a01b3978-72f1-4f12-84c2-b39ea3014ec9",
    "data": [
      {
        "text": "Tell",
        "userDefined": false
      },
      {
        "text": " me about the ",
        "userDefined": false
      },
      {
        "text": "SERB POWER",
        "meta": "@SERBPOWER",
        "alias": "serbpower",
        "userDefined": false
      },
      {
        "text": " policy",
        "userDefined": false
      }
    ],
    "isTemplate": false,
    "count": 0,
    "lang": "en",
    "updated": 0
  },
  {
    "id": "2f9b72fd-8f5e-4cae-853f-8d822ffa2411",
    "data": [
      {
        "text": "Tell",
        "userDefined": false
      },
      {
        "text": " me about the ",
        "userDefined": false
      },
      {
        "text": "SERB Promoting Opportunities for Women in Exploratory Research",
        "meta": "@SERBPOWER",
        "alias": "serbpower",
        "userDefined": false
      }
    ],
    "isTemplate": false,
    "count": 0,
    "lang": "en",
    "updated": 0
  },
  {
    "id": "fbef3c0c-754e-437d-a677-6229e8dc0a13",
    "data": [
      {
        "text": "Tell",
        "userDefined": false
      },
      {
        "text": " me everything about ",
        "userDefined": false
      },
      {
        "text": "SERB Promoting Opportunities for Women in Exploratory Research",
        "meta": "@SERBPOWER",
        "alias": "serbpower",
        "userDefined": false
      }
    ],
    "isTemplate": false,
    "count": 0,
    "lang": "en",
    "updated": 0
  },
  {
    "id": "6b9db1df-01d1-44f4-8f5a-40fcc90a9caf",
    "data": [
      {
        "text": "What is ",
        "userDefined": false
      },
      {
        "text": "SERB",
        "meta": "@SERBPOWER",
        "alias": "serbpower",
        "userDefined": false
      }
    ],
    "isTemplate": false,
    "count": 0,
    "lang": "en",
    "updated": 0
  },
  {
    "id": "1f95630c-a13b-4783-a44f-ae10153fdb5e",
    "data": [
      {
        "text": "What\u0027s ",
        "userDefined": false
      },
      {
        "text": "SERB Promoting Opportunities for Women in Exploratory Research",
        "meta": "@SERBPOWER",
        "alias": "serbpower",
        "userDefined": false
      }
    ],
    "isTemplate": false,
    "count": 0,
    "lang": "en",
    "updated": 0
  }
]