[
  {
    "id": "0e5c2406-e3a7-41bc-9bfc-f8dfb10e777a",
    "data": [
      {
        "text": "Tell",
        "userDefined": false
      },
      {
        "text": " me the details of the ",
        "userDefined": false
      },
      {
        "text": "Skill India",
        "meta": "@SI",
        "alias": "si",
        "userDefined": false
      },
      {
        "text": " Yojana",
        "userDefined": false
      }
    ],
    "isTemplate": false,
    "count": 0,
    "lang": "en",
    "updated": 0
  },
  {
    "id": "1a7f88b7-f29c-4e3d-abec-3bd6e9a3f5b5",
    "data": [
      {
        "text": "Tell",
        "userDefined": false
      },
      {
        "text": " me about ",
        "userDefined": false
      },
      {
        "text": "Skill India",
        "meta": "@SI",
        "alias": "si",
        "userDefined": false
      },
      {
        "text": " Yojana",
        "userDefined": false
      }
    ],
    "isTemplate": false,
    "count": 0,
    "lang": "en",
    "updated": 0
  },
  {
    "id": "c5b62e87-7734-4e28-8dd3-292e5ec55688",
    "data": [
      {
        "text": "Tell",
        "userDefined": false
      },
      {
        "text": " me about the ",
        "userDefined": false
      },
      {
        "text": "SI initiative",
        "meta": "@SI",
        "alias": "si",
        "userDefined": false
      }
    ],
    "isTemplate": false,
    "count": 0,
    "lang": "en",
    "updated": 0
  },
  {
    "id": "11164011-689f-458b-acdb-7174867fa9d6",
    "data": [
      {
        "text": "Tell",
        "userDefined": false
      },
      {
        "text": " me about the ",
        "userDefined": false
      },
      {
        "text": "Skill India program",
        "meta": "@SI",
        "alias": "si",
        "userDefined": false
      }
    ],
    "isTemplate": false,
    "count": 0,
    "lang": "en",
    "updated": 0
  },
  {
    "id": "3ebb751e-856e-44ac-b7d2-9e1a78cd43a2",
    "data": [
      {
        "text": "Tell",
        "userDefined": false
      },
      {
        "text": " me about the ",
        "userDefined": false
      },
      {
        "text": "Skill India initiative",
        "meta": "@SI",
        "alias": "si",
        "userDefined": false
      }
    ],
    "isTemplate": false,
    "count": 0,
    "lang": "en",
    "updated": 0
  },
  {
    "id": "a571ef24-2e3f-4d97-b020-9c23875d15c5",
    "data": [
      {
        "text": "Tell",
        "userDefined": false
      },
      {
        "text": " me everything about ",
        "userDefined": false
      },
      {
        "text": "Skill India campaign",
        "meta": "@SI",
        "alias": "si",
        "userDefined": false
      }
    ],
    "isTemplate": false,
    "count": 0,
    "lang": "en",
    "updated": 0
  },
  {
    "id": "70ab8137-1e84-4b59-b097-2629ff1bdd99",
    "data": [
      {
        "text": "What is ",
        "userDefined": false
      },
      {
        "text": "Skill India program",
        "meta": "@SI",
        "alias": "si",
        "userDefined": false
      }
    ],
    "isTemplate": false,
    "count": 0,
    "lang": "en",
    "updated": 0
  },
  {
    "id": "fff493db-4472-4b7a-bc53-33a9a0c037e5",
    "data": [
      {
        "text": "What\u0027s ",
        "userDefined": false
      },
      {
        "text": "Skill India campaign",
        "meta": "@SI",
        "alias": "si",
        "userDefined": false
      }
    ],
    "isTemplate": false,
    "count": 0,
    "lang": "en",
    "updated": 0
  }
]