[
  {
    "id": "6ab3813e-21bb-49d6-990a-94bcd72ececb",
    "data": [
      {
        "text": "Tell",
        "userDefined": false
      },
      {
        "text": " me the details of the ",
        "userDefined": false
      },
      {
        "text": "Samarth Scheme",
        "meta": "@SS",
        "alias": "ss",
        "userDefined": false
      }
    ],
    "isTemplate": false,
    "count": 0,
    "lang": "en",
    "updated": 0
  },
  {
    "id": "b460c6ef-98f4-44c6-af8d-623638680d18",
    "data": [
      {
        "text": "Tell",
        "userDefined": false
      },
      {
        "text": " me about ",
        "userDefined": false
      },
      {
        "text": "Samarth Scheme",
        "meta": "@SS",
        "alias": "ss",
        "userDefined": false
      }
    ],
    "isTemplate": false,
    "count": 0,
    "lang": "en",
    "updated": 0
  },
  {
    "id": "9bdfe4df-b21b-41a8-a610-49e66582f8de",
    "data": [
      {
        "text": "What do you know about the ",
        "userDefined": false
      },
      {
        "text": "SS scheme",
        "meta": "@SS",
        "alias": "ss",
        "userDefined": false
      }
    ],
    "isTemplate": false,
    "count": 0,
    "lang": "en",
    "updated": 0
  },
  {
    "id": "ff5e2b7f-4e8d-440c-9e43-3a6fb39e8c21",
    "data": [
      {
        "text": "Tell",
        "userDefined": false
      },
      {
        "text": " me about the ",
        "userDefined": false
      },
      {
        "text": "SS",
        "meta": "@SS",
        "alias": "ss",
        "userDefined": false
      },
      {
        "text": " policy",
        "userDefined": false
      }
    ],
    "isTemplate": false,
    "count": 0,
    "lang": "en",
    "updated": 0
  },
  {
    "id": "d7d88ae1-72cb-4945-b23a-106ffb790109",
    "data": [
      {
        "text": "Tell",
        "userDefined": false
      },
      {
        "text": " me about the ",
        "userDefined": false
      },
      {
        "text": "Samarth Scheme",
        "meta": "@SS",
        "alias": "ss",
        "userDefined": false
      }
    ],
    "isTemplate": false,
    "count": 0,
    "lang": "en",
    "updated": 0
  },
  {
    "id": "60cdd0da-9a4d-43aa-a215-f98feddb6bfd",
    "data": [
      {
        "text": "Tell",
        "userDefined": false
      },
      {
        "text": " me everything about ",
        "userDefined": false
      },
      {
        "text": "Samarth Scheme",
        "meta": "@SS",
        "alias": "ss",
        "userDefined": false
      }
    ],
    "isTemplate": false,
    "count": 0,
    "lang": "en",
    "updated": 0
  },
  {
    "id": "36080d60-25c0-484b-b4b1-a7ccd68361f2",
    "data": [
      {
        "text": "What\u0027s ",
        "userDefined": false
      },
      {
        "text": "SS",
        "meta": "@SS",
        "alias": "ss",
        "userDefined": false
      }
    ],
    "isTemplate": false,
    "count": 0,
    "lang": "en",
    "updated": 0
  },
  {
    "id": "beffae80-dd1d-4410-bb79-558b38fc123a",
    "data": [
      {
        "text": "What\u0027s ",
        "userDefined": false
      },
      {
        "text": "Samarth Scheme",
        "meta": "@SS",
        "alias": "ss",
        "userDefined": false
      }
    ],
    "isTemplate": false,
    "count": 0,
    "lang": "en",
    "updated": 0
  }
]