[
  {
    "id": "4648c30f-70ce-40f5-a937-111e1fa6bece",
    "data": [
      {
        "text": "Tell",
        "userDefined": false
      },
      {
        "text": " me the details of the ",
        "userDefined": false
      },
      {
        "text": "Prime Minister Street Vendor\u0027s AtmaNirbhar Nidhi",
        "meta": "@SVANIDHI",
        "alias": "svanidhi",
        "userDefined": false
      }
    ],
    "isTemplate": false,
    "count": 0,
    "lang": "en",
    "updated": 0
  },
  {
    "id": "fed87688-f8ed-42a9-8790-07995ef9d76e",
    "data": [
      {
        "text": "What do you know about the ",
        "userDefined": false
      },
      {
        "text": "SVANIDHI",
        "meta": "@SVANIDHI",
        "alias": "svanidhi",
        "userDefined": false
      },
      {
        "text": " scheme",
        "userDefined": false
      }
    ],
    "isTemplate": false,
    "count": 0,
    "lang": "en",
    "updated": 0
  },
  {
    "id": "e2dad1bd-6745-4073-b606-566aa4a67210",
    "data": [
      {
        "text": "Tell",
        "userDefined": false
      },
      {
        "text": " me about ",
        "userDefined": false
      },
      {
        "text": "Prime Minister Street Vendor\u0027s AtmaNirbhar Nidhi",
        "meta": "@SVANIDHI",
        "alias": "svanidhi",
        "userDefined": false
      }
    ],
    "isTemplate": false,
    "count": 0,
    "lang": "en",
    "updated": 0
  },
  {
    "id": "2285b20f-ab3f-4954-a9f9-fe084d3b0d4e",
    "data": [
      {
        "text": "Tell",
        "userDefined": false
      },
      {
        "text": " me about the ",
        "userDefined": false
      },
      {
        "text": "SVANIDHI",
        "meta": "@SVANIDHI",
        "alias": "svanidhi",
        "userDefined": false
      },
      {
        "text": " policy",
        "userDefined": false
      }
    ],
    "isTemplate": false,
    "count": 0,
    "lang": "en",
    "updated": 0
  },
  {
    "id": "2d2b6400-b810-4708-95a1-50ecf8d40bfd",
    "data": [
      {
        "text": "Tell",
        "userDefined": false
      },
      {
        "text": " me about the ",
        "userDefined": false
      },
      {
        "text": "Prime Minister Street Vendor\u0027s AtmaNirbhar Nidhi",
        "meta": "@SVANIDHI",
        "alias": "svanidhi",
        "userDefined": false
      }
    ],
    "isTemplate": false,
    "count": 0,
    "lang": "en",
    "updated": 0
  },
  {
    "id": "06af576d-723e-48ad-ba59-1acc9b925a8d",
    "data": [
      {
        "text": "Tell",
        "userDefined": false
      },
      {
        "text": " me everything about ",
        "userDefined": false
      },
      {
        "text": "Prime Minister Street Vendor\u0027s AtmaNirbhar Nidhi",
        "meta": "@SVANIDHI",
        "alias": "svanidhi",
        "userDefined": false
      }
    ],
    "isTemplate": false,
    "count": 0,
    "lang": "en",
    "updated": 0
  },
  {
    "id": "a7790c5a-c0cc-4045-a7b9-a58dfbe70546",
    "data": [
      {
        "text": "What is ",
        "userDefined": false
      },
      {
        "text": "SVANIDHI",
        "meta": "@SVANIDHI",
        "alias": "svanidhi",
        "userDefined": false
      }
    ],
    "isTemplate": false,
    "count": 0,
    "lang": "en",
    "updated": 0
  },
  {
    "id": "3cf76680-bec3-4b3d-b299-43bf62b4b0ec",
    "data": [
      {
        "text": "What",
        "userDefined": false
      },
      {
        "text": "\u0027s Prime Minister Street Vendor\u0027s AtmaNirbhar Nidhi",
        "meta": "@SVANIDHI",
        "alias": "svanidhi",
        "userDefined": false
      }
    ],
    "isTemplate": false,
    "count": 0,
    "lang": "en",
    "updated": 0
  }
]