[
  {
    "id": "129e0565-01f0-4226-8ed0-e74d25987cb5",
    "data": [
      {
        "text": "Tell",
        "userDefined": false
      },
      {
        "text": " me the details ",
        "userDefined": false
      },
      {
        "text": "of the Survey of Villages and Mapping with Improvised Technology in Village Areas",
        "meta": "@SWAMITVA",
        "alias": "swamitva",
        "userDefined": false
      }
    ],
    "isTemplate": false,
    "count": 0,
    "lang": "en",
    "updated": 0
  },
  {
    "id": "88486730-97c2-4fea-a8fb-f61ff6fa0318",
    "data": [
      {
        "text": "Tell",
        "userDefined": false
      },
      {
        "text": " me about ",
        "userDefined": false
      },
      {
        "text": "Survey of Villages and Mapping with Improvised Technology in Village Areas",
        "meta": "@SWAMITVA",
        "alias": "swamitva",
        "userDefined": false
      }
    ],
    "isTemplate": false,
    "count": 0,
    "lang": "en",
    "updated": 0
  },
  {
    "id": "f3df8611-99bb-4ef2-adcc-4d8c4f7ed52b",
    "data": [
      {
        "text": "What do you know about the ",
        "userDefined": false
      },
      {
        "text": "SWAMITVA",
        "meta": "@SWAMITVA",
        "alias": "swamitva",
        "userDefined": false
      },
      {
        "text": " scheme",
        "userDefined": false
      }
    ],
    "isTemplate": false,
    "count": 0,
    "lang": "en",
    "updated": 0
  },
  {
    "id": "9310667b-c8cc-490e-906a-1ba6d13d4483",
    "data": [
      {
        "text": "Tell",
        "userDefined": false
      },
      {
        "text": " me about the ",
        "userDefined": false
      },
      {
        "text": "SWAMITVA",
        "meta": "@SWAMITVA",
        "alias": "swamitva",
        "userDefined": false
      },
      {
        "text": " policy",
        "userDefined": false
      }
    ],
    "isTemplate": false,
    "count": 0,
    "lang": "en",
    "updated": 0
  },
  {
    "id": "6d524353-a46b-4ea4-8287-7ca4c953b41f",
    "data": [
      {
        "text": "Tell",
        "userDefined": false
      },
      {
        "text": " me about the ",
        "userDefined": false
      },
      {
        "text": "Survey of Villages and Mapping with Improvised Technology in Village Areas",
        "meta": "@SWAMITVA",
        "alias": "swamitva",
        "userDefined": false
      }
    ],
    "isTemplate": false,
    "count": 0,
    "lang": "en",
    "updated": 0
  },
  {
    "id": "e1556c24-5d02-4d70-8e5b-be3de342ffa6",
    "data": [
      {
        "text": "Tell",
        "userDefined": false
      },
      {
        "text": " me everything about ",
        "userDefined": false
      },
      {
        "text": "Survey of Villages and Mapping with Improvised Technology in Village Areas",
        "meta": "@SWAMITVA",
        "alias": "swamitva",
        "userDefined": false
      }
    ],
    "isTemplate": false,
    "count": 0,
    "lang": "en",
    "updated": 0
  },
  {
    "id": "2ca512b2-c2b5-47e2-9451-b9766f5bdf5c",
    "data": [
      {
        "text": "What is ",
        "userDefined": false
      },
      {
        "text": "SWAMITVA",
        "meta": "@SWAMITVA",
        "alias": "swamitva",
        "userDefined": false
      }
    ],
    "isTemplate": false,
    "count": 0,
    "lang": "en",
    "updated": 0
  },
  {
    "id": "8701611c-6aa8-4603-8abe-8cc90db94389",
    "data": [
      {
        "text": "What\u0027s ",
        "userDefined": false
      },
      {
        "text": "Survey of Villages and Mapping with Improvised Technology in Village Areas",
        "meta": "@SWAMITVA",
        "alias": "swamitva",
        "userDefined": false
      }
    ],
    "isTemplate": false,
    "count": 0,
    "lang": "en",
    "updated": 0
  }
]